Date,Price,Open,High,Low,Vol.
27-11-2024,24278.2,24235.4,24353.6,24146.6,295010000
26-11-2024,24194.5,24343.3,24343.3,24125.4,230690000
25-11-2024,24221.9,24253.55,24351.55,24135.45,687170000
22-11-2024,23907.25,23411.8,23956.1,23359,367560000
21-11-2024,23349.9,23488.45,23507.3,23263.15,420330000
19-11-2024,23518.5,23529.55,23780.65,23464.8,297480000
18-11-2024,23453.8,23605.3,23606.8,23350.4,263310000
14-11-2024,23532.7,23542.15,23675.9,23484.15,257710000
13-11-2024,23559.05,23822.45,23873.6,23509.6,304570000
12-11-2024,23883.45,24225.8,24242,23839.15,255830000
11-11-2024,24141.3,24087.25,24336.8,24004.6,273370000
08-11-2024,24148.2,24207.7,24276.15,24066.65,298720000
07-11-2024,24199.35,24489.6,24503.35,24179.05,322190000
06-11-2024,24484.05,24308.75,24537.6,24204.05,351080000
05-11-2024,24213.3,23916.5,24229.05,23842.75,289510000
04-11-2024,23995.35,24315.75,24316.75,23816.15,285530000
01-11-2024,24304.35,24302.75,24368.25,24280.2,38810000
31-10-2024,24205.35,24349.85,24372.45,24172.6,287010000
30-10-2024,24340.85,24371.45,24498.2,24307.3,285200000
29-10-2024,24466.85,24328.85,24484.5,24140.85,332040000
28-10-2024,24339.15,24251.1,24492.6,24134.9,278560000
25-10-2024,24180.8,24418.05,24440.25,24073.9,372640000
24-10-2024,24399.4,24412.7,24480.65,24341.2,216690000
23-10-2024,24435.5,24378.15,24604.25,24378.1,284560000
22-10-2024,24472.1,24798.65,24882,24445.8,279480000
21-10-2024,24781.1,24956.15,24978.3,24679.6,241980000
18-10-2024,24854.05,24664.95,24886.2,24567.65,290860000
17-10-2024,24749.85,25027.4,25029.5,24728.9,252760000
16-10-2024,24971.3,25008.55,25093.4,24908.45,226770000
15-10-2024,25057.35,25186.3,25212.05,25008.15,257230000
14-10-2024,25127.95,25023.45,25159.75,25017.5,206420000
11-10-2024,24964.25,24985.3,25028.65,24920.05,210460000
10-10-2024,24998.45,25067.05,25134.05,24979.4,261360000
09-10-2024,24981.95,25065.8,25234.05,24947.7,290560000
08-10-2024,25013.15,24832.2,25044,24756.8,333220000
07-10-2024,24795.75,25084.1,25143,24694.35,374350000
04-10-2024,25014.6,25181.9,25485.05,24966.8,374920000
03-10-2024,25250.1,25452.85,25639.45,25230.3,423400000
01-10-2024,25796.9,25788.45,25907.6,25739.2,247420000
30-09-2024,25810.85,26061.3,26134.7,25794.1,343060000
27-09-2024,26178.95,26248.25,26277.35,26151.4,490330000
26-09-2024,26216.05,26005.4,26250.9,25998.4,370900000
25-09-2024,26004.15,25899.45,26032.8,25871.35,278540000
24-09-2024,25940.4,25921.45,26011.55,25886.85,384120000
23-09-2024,25939.05,25872.55,25956,25847.35,209190000
20-09-2024,25790.95,25525.95,25849.25,25426.6,533070000
19-09-2024,25415.8,25487.05,25611.95,25376.05,314460000
18-09-2024,25377.55,25402.4,25482.2,25285.55,215730000
17-09-2024,25418.55,25416.9,25441.65,25352.25,215960000
16-09-2024,25383.75,25406.65,25445.7,25336.2,168700000
13-09-2024,25356.5,25430.45,25430.5,25292.45,250780000
12-09-2024,25388.9,25059.65,25433.35,24941.45,380070000
11-09-2024,24918.45,25034,25113.7,24885.15,279230000
10-09-2024,25041.1,24999.4,25130.5,24896.8,251280000
09-09-2024,24936.4,24823.4,24957.5,24753.15,254370000
06-09-2024,24852.15,25093.7,25168.75,24801.3,311670000
05-09-2024,25145.1,25250.5,25275.45,25127.75,222240000
04-09-2024,25198.7,25089.95,25216,25083.8,253790000
03-09-2024,25279.85,25313.4,25321.7,25235.8,212130000
02-09-2024,25278.7,25333.6,25333.65,25235.5,222820000
30-08-2024,25235.9,25249.7,25268.35,25199.4,638170000
29-08-2024,25151.95,25035.3,25192.9,24998.5,353990000
28-08-2024,25052.35,25030.8,25129.6,24964.65,220420000
27-08-2024,25017.75,25024.8,25073.1,24973.65,223350000
26-08-2024,25010.6,24906.1,25043.8,24874.7,210270000
23-08-2024,24823.15,24845.4,24858.4,24771.65,206800000
22-08-2024,24811.5,24863.4,24867.35,24784.45,220340000
21-08-2024,24770.2,24680.55,24787.95,24654.5,257110000
20-08-2024,24698.85,24648.9,24734.3,24607.2,238320000
19-08-2024,24572.65,24636.35,24638.8,24522.95,243650000
16-08-2024,24541.15,24334.85,24563.9,24204.5,271610000
14-08-2024,24143.75,24184.4,24196.5,24099.7,303260000
13-08-2024,24139,24342.35,24359.95,24116.5,239730000
12-08-2024,24347,24320.05,24472.8,24212.1,279920000
09-08-2024,24367.5,24386.85,24419.75,24311.2,215130000
08-08-2024,24117,24248.55,24340.5,24079.7,311880000
07-08-2024,24297.5,24289.4,24337.7,24184.9,317560000
06-08-2024,23992.55,24189.85,24382.6,23960.4,312340000
05-08-2024,24055.6,24302.85,24350.05,23893.7,487000000
02-08-2024,24717.7,24789,24851.9,24686.85,345030000
01-08-2024,25010.9,25030.95,25078.3,24956.4,431310000
31-07-2024,24951.15,24886.7,24984.6,24856.5,333650000
30-07-2024,24857.3,24839.4,24971.75,24798.65,384990000
29-07-2024,24836.1,24943.3,24999.75,24774.6,354970000
26-07-2024,24834.85,24423.35,24861.15,24410.9,383830000
25-07-2024,24406.1,24230.95,24426.15,24210.8,391820000
24-07-2024,24413.5,24444.95,24504.25,24307.25,366620000
23-07-2024,24479.05,24568.9,24582.55,24074.2,436410000
22-07-2024,24509.25,24445.75,24595.2,24362.3,324190000
19-07-2024,24530.9,24853.8,24854.8,24508.15,343770000
18-07-2024,24800.85,24543.8,24837.75,24504.45,350920000
16-07-2024,24613,24615.9,24661.25,24587.65,283210000
15-07-2024,24586.7,24587.6,24635.05,24522.75,305400000
12-07-2024,24502.15,24387.95,24592.2,24331.15,325820000
11-07-2024,24315.95,24396.55,24402.65,24193.75,306400000
10-07-2024,24324.45,24459.85,24461.05,24141.8,292260000
09-07-2024,24433.2,24351,24443.6,24331.9,250540000
08-07-2024,24320.55,24329.45,24344.6,24240.55,266300000
05-07-2024,24323.85,24213.35,24363,24168.85,298380000
04-07-2024,24302.15,24369.95,24401,24281,251190000
03-07-2024,24286.5,24291.75,24309.15,24207.1,289200000
02-07-2024,24123.85,24228.75,24236.35,24056.4,309630000
01-07-2024,24141.95,23992.95,24164,23992.7,242470000
28-06-2024,24010.6,24085.9,24174,23985.8,354780000
27-06-2024,24044.5,23881.55,24087.45,23805.4,515230000
26-06-2024,23868.8,23723.1,23889.9,23670.45,287820000
25-06-2024,23721.3,23577.1,23754.15,23562.05,298110000
24-06-2024,23537.85,23382.3,23558.1,23350,239360000
21-06-2024,23501.1,23661.15,23667.1,23398.2,609880000
20-06-2024,23567,23586.15,23624,23442.6,280340000
19-06-2024,23516,23629.85,23664,23412.9,328810000
18-06-2024,23557.9,23570.8,23579.05,23499.7,272210000
14-06-2024,23465.6,23464.95,23490.4,23334.25,223090000
13-06-2024,23398.9,23480.95,23481.05,23353.9,268280000
12-06-2024,23322.95,23344.45,23441.95,23295.95,295630000
11-06-2024,23264.85,23283.75,23389.45,23206.65,305190000
10-06-2024,23259.2,23319.15,23411.9,23227.15,304390000
07-06-2024,23290.15,22821.85,23320.2,22789.05,473560000
06-06-2024,22821.4,22798.6,22910.15,22642.6,480410000
05-06-2024,22620.35,22128.35,22670.4,21791.95,638490000
04-06-2024,21884.5,23179.5,23179.5,21281.45,1010200000
03-06-2024,23263.9,23337.9,23338.7,23062.3,569430000
31-05-2024,22530.7,22568.1,22653.75,22465.1,572120000
30-05-2024,22488.65,22617.45,22705.75,22417,373370000
29-05-2024,22704.7,22762.75,22825.5,22685.45,269930000
28-05-2024,22888.15,22977.15,22998.55,22858.5,217890000
27-05-2024,22932.45,23038.95,23110.8,22871.2,260010000
24-05-2024,22957.1,22930.75,23026.4,22908,261930000
23-05-2024,22967.65,22614.1,22993.6,22577.45,369770000
22-05-2024,22597.8,22576.6,22629.5,22483.15,290350000
21-05-2024,22529.05,22404.55,22591.1,22404.55,347590000
18-05-2024,22502,22512.85,22520.25,22470.05,19060000
17-05-2024,22466.1,22415.25,22502.15,22345.65,242660000
16-05-2024,22403.85,22319.2,22432.25,22054.55,368940000
15-05-2024,22200.55,22255.6,22297.55,22151.75,231940000
14-05-2024,22217.85,22112.9,22270.05,22081.25,230240000
13-05-2024,22104.05,22027.95,22131.65,21821.05,278190000
10-05-2024,22055.2,21990.95,22131.3,21950.3,265800000
09-05-2024,21957.5,22224.8,22307.75,21932.4,331330000
08-05-2024,22302.5,22231.2,22368.65,22185.2,277440000
07-05-2024,22302.5,22489.75,22499.05,22232.05,297820000
06-05-2024,22442.7,22561.6,22588.8,22409.45,320260000
03-05-2024,22475.85,22766.35,22794.7,22348.05,438060000
02-05-2024,22648.2,22567.85,22710.5,22567.85,445910000
30-04-2024,22604.85,22679.65,22783.35,22568.4,361860000
29-04-2024,22643.4,22475.55,22655.8,22441.9,291960000
26-04-2024,22419.95,22620.4,22620.4,22385.55,329890000
25-04-2024,22570.35,22316.9,22625.95,22305.25,475040000
24-04-2024,22402.4,22421.55,22476.45,22384,235900000
23-04-2024,22368,22447.05,22447.55,22349.45,231520000
22-04-2024,22336.4,22336.9,22375.65,22198.15,279260000
19-04-2024,22147,21861.5,22179.55,21777.65,362530000
18-04-2024,21995.85,22212.35,22326.5,21961.7,456910000
16-04-2024,22147.9,22125.3,22213.75,22079.45,317270000
15-04-2024,22272.5,22339.05,22427.45,22259.55,355470000
12-04-2024,22519.4,22677.4,22726.45,22503.75,357190000
10-04-2024,22753.8,22720.25,22775.7,22673.7,276850000
09-04-2024,22642.75,22765.1,22768.4,22612.25,232360000
08-04-2024,22666.3,22578.35,22697.3,22550.35,227630000
05-04-2024,22513.7,22486.4,22537.6,22427.6,242240000
04-04-2024,22514.65,22592.1,22619,22303.8,400990000
03-04-2024,22434.65,22385.7,22521.1,22346.5,309650000
02-04-2024,22453.3,22458.8,22497.6,22388.15,289520000
01-04-2024,22462,22455,22529.95,22427.75,243640000
28-03-2024,22326.9,22163.6,22516,22163.6,410530000
27-03-2024,22123.65,22053.95,22193.6,22052.85,409140000
26-03-2024,22004.7,21947.9,22073.2,21947.55,328400000
22-03-2024,22096.75,21932.2,22180.7,21883.3,388660000
21-03-2024,22011.95,21989.9,22080.95,21941.3,353170000
20-03-2024,21839.1,21843.9,21930.9,21710.2,312420000
19-03-2024,21817.45,21946.45,21978.3,21793.1,344160000
18-03-2024,22055.7,21990.1,22123.7,21916.55,356320000
15-03-2024,22023.35,22064.85,22120.9,21931.7,661460000
14-03-2024,22146.65,21982.55,22204.6,21917.5,426740000
13-03-2024,21997.7,22432.2,22446.75,21905.65,493340000
12-03-2024,22335.7,22334.45,22452.55,22256,299200000
11-03-2024,22332.65,22517.5,22526.6,22307.25,277900000
07-03-2024,22493.55,22505.3,22525.65,22430,379860000
06-03-2024,22474.05,22327.5,22497.2,22224.35,312260000
05-03-2024,22356.3,22371.25,22416.9,22269.15,296150000
04-03-2024,22405.6,22403.5,22440.9,22358.3,298790000
02-03-2024,22378.4,22406.95,22419.55,22367.05,35760000
01-03-2024,22338.75,22048.3,22353.3,22047.75,351500000
29-02-2024,21982.8,21935.2,22060.55,21860.65,360170000
28-02-2024,21951.15,22214.1,22229.15,21915.85,202950000
27-02-2024,22198.35,22090.2,22218.25,22085.65,252200000
26-02-2024,22122.05,22169.2,22202.15,22075.15,207780000
23-02-2024,22212.7,22290,22297.5,22186.1,225980000
22-02-2024,22217.45,22081.55,22252.5,21875.25,343500000
21-02-2024,22055.05,22248.85,22249.4,21997.95,364550000
20-02-2024,22196.95,22099.2,22215.6,22045.85,295700000
19-02-2024,22122.25,22103.45,22186.65,22021.05,NA
16-02-2024,22040.7,22020.3,22068.65,21968.95,343890000
15-02-2024,21910.75,21906.55,21953.85,21794.8,345390000
14-02-2024,21840.05,21578.15,21870.85,21530.2,359120000
13-02-2024,21743.25,21664.3,21766.8,21543.35,365790000
12-02-2024,21616.05,21800.8,21831.7,21574.75,287440000
09-02-2024,21782.5,21727,21804.45,21629.9,349220000
08-02-2024,21717.95,22009.65,22011.05,21665.3,491070000
07-02-2024,21930.5,22045.05,22053.3,21860.15,346260000
06-02-2024,21929.4,21825.2,21951.4,21737.55,370970000
05-02-2024,21771.7,21921.05,21964.3,21726.95,440850000
02-02-2024,21853.8,21812.75,22126.8,21805.55,442800000
01-02-2024,21697.45,21780.65,21832.95,21658.75,332540000
31-01-2024,21725.7,21487.25,21741.35,21448.85,410580000
30-01-2024,21522.1,21775.75,21813.05,21501.8,375140000
29-01-2024,21737.6,21433.1,21763.25,21429.6,376700000
25-01-2024,21352.6,21454.6,21459,21247.05,418140000
24-01-2024,21453.95,21185.25,21482.35,21137.2,407460000
23-01-2024,21238.8,21716.7,21750.25,21192.6,449720000
20-01-2024,21571.8,21706.15,21720.3,21541.8,NA
19-01-2024,21622.4,21615.2,21670.6,21575,343060000
18-01-2024,21462.25,21414.2,21539.4,21285.55,387340000
17-01-2024,21571.95,21647.25,21851.5,21550.45,456000000
16-01-2024,22032.3,22080.5,22124.15,21969.8,292430000
15-01-2024,22097.45,22053.15,22115.55,21963.55,345540000
12-01-2024,21894.55,21773.55,21928.25,21715.15,294680000
11-01-2024,21647.2,21688,21726.5,21593.75,212450000
10-01-2024,21618.7,21529.3,21641.85,21448.65,216990000
09-01-2024,21544.85,21653.6,21724.45,21517.85,228570000
08-01-2024,21513,21747.6,21763.95,21492.9,231450000
05-01-2024,21710.8,21705.75,21749.6,21629.2,309300000
04-01-2024,21658.6,21605.8,21685.65,21564.55,339170000
03-01-2024,21517.35,21661.1,21677,21500.35,311930000
02-01-2024,21665.8,21751.35,21755.6,21555.65,263710000
01-01-2024,21741.9,21727.75,21834.35,21680.85,154000000
29-12-2023,21731.4,21737.65,21770.3,21676.9,270920000
28-12-2023,21778.7,21715,21801.45,21678,393080000
27-12-2023,21654.75,21497.65,21675.75,21495.8,256540000
26-12-2023,21441.35,21365.2,21477.15,21329.45,219470000
22-12-2023,21349.4,21295.85,21390.5,21232.45,284710000
21-12-2023,21255.05,21033.95,21288.35,20976.8,277550000
20-12-2023,21150.15,21543.5,21593,21087.35,363890000
19-12-2023,21453.1,21477.65,21505.05,21337.75,249750000
18-12-2023,21418.65,21434.8,21482.8,21365.35,249670000
15-12-2023,21456.65,21287.45,21492.3,21235.3,508760000
14-12-2023,21182.7,21110.4,21210.9,21074.45,334410000
13-12-2023,20926.35,20929.75,20950,20769.5,260270000
12-12-2023,20906.4,21018.55,21037.9,20867.15,244870000
11-12-2023,20997.1,20965.3,21026.1,20923.7,212920000
08-12-2023,20969.4,20934.1,21006.1,20862.7,292440000
07-12-2023,20901.15,20932.4,20941.25,20850.8,274980000
06-12-2023,20937.7,20950.75,20961.95,20852.15,359210000
05-12-2023,20855.1,20808.9,20864.05,20711.15,421010000
04-12-2023,20686.8,20601.95,20702.65,20507.75,381110000
01-12-2023,20267.9,20194.1,20291.55,20183.7,265810000
30-11-2023,20133.15,20108.5,20158.7,20015.85,486580000
29-11-2023,20096.6,19976.55,20104.65,19956.3,236240000
28-11-2023,19889.7,19844.65,19916.85,19800,229600000
24-11-2023,19794.7,19809.6,19832.85,19768.85,145900000
23-11-2023,19802,19828.45,19875.15,19786.75,170020000
22-11-2023,19811.85,19784,19825.55,19703.85,184500000
21-11-2023,19783.4,19770.9,19829.1,19754.05,194970000
20-11-2023,19694,19731.15,19756.45,19670.5,173780000
17-11-2023,19731.8,19674.75,19806,19667.45,236830000
16-11-2023,19765.2,19674.7,19875.25,19627,282690000
15-11-2023,19675.45,19651.4,19693.2,19579.65,291460000
13-11-2023,19443.55,19486.75,19494.4,19414.75,189280000
12-11-2023,19525.55,19547.25,19547.25,19510.25,37310000
10-11-2023,19425.35,19351.85,19451.3,19329.45,152220000
09-11-2023,19395.3,19457.4,19463.9,19378.35,208420000
08-11-2023,19443.5,19449.6,19464.4,19401.5,194970000
07-11-2023,19406.7,19404.05,19423.5,19329.1,198660000
06-11-2023,19411.75,19345.85,19423,19309.7,180690000
03-11-2023,19230.6,19241,19276.25,19210.9,189520000
02-11-2023,19133.25,19120,19175.25,19064.15,245600000
01-11-2023,18989.15,19064.05,19096.05,18973.7,194100000
31-10-2023,19079.6,19232.95,19233.7,19056.45,206050000
30-10-2023,19140.9,19053.4,19158.5,18940,180130000
27-10-2023,19047.25,18928.75,19076.15,18926.65,205200000
26-10-2023,18857.25,19027.25,19041.7,18837.85,300360000
25-10-2023,19122.15,19286.45,19347.3,19074.15,225290000
23-10-2023,19281.75,19521.6,19556.85,19257.85,176040000
20-10-2023,19542.65,19542.15,19593.8,19518.7,198340000
19-10-2023,19624.7,19545.2,19681.8,19512.35,230310000
18-10-2023,19671.1,19820.45,19840.95,19659.95,198940000
17-10-2023,19811.5,19843.2,19849.75,19775.65,185850000
16-10-2023,19731.75,19737.25,19781.3,19691.85,180960000
13-10-2023,19751.05,19654.55,19805.4,19635.3,254960000
12-10-2023,19794,19822.7,19843.3,19772.65,217900000
11-10-2023,19811.35,19767,19839.2,19756.95,213730000
10-10-2023,19689.85,19565.6,19717.8,19565.45,216560000
09-10-2023,19512.35,19539.45,19588.95,19480.5,165100000
06-10-2023,19653.5,19621.2,19675.75,19589.4,159050000
05-10-2023,19545.75,19521.85,19576.95,19487.3,234860000
04-10-2023,19436.1,19446.3,19457.8,19333.6,277150000
03-10-2023,19528.75,19622.4,19623.2,19479.65,221720000
29-09-2023,19638.3,19581.2,19726.25,19551.05,243510000
28-09-2023,19523.55,19761.8,19766.65,19492.1,352810000
27-09-2023,19716.45,19637.05,19730.7,19554,203560000
26-09-2023,19664.7,19682.8,19699.35,19637.45,204870000
25-09-2023,19674.55,19678.2,19734.15,19601.55,188400000
22-09-2023,19674.25,19744.85,19798.65,19657.5,246410000
21-09-2023,19742.35,19840.55,19848.75,19709.95,275130000
20-09-2023,19901.4,19980.75,20050.65,19878.85,378070000
18-09-2023,20133.3,20155.95,20195.35,20115.7,264870000
15-09-2023,20192.35,20156.45,20222.45,20129.7,438180000
14-09-2023,20103.1,20127.95,20167.65,20043.45,275110000
13-09-2023,20070,19989.5,20096.9,19944.1,251400000
12-09-2023,19993.2,20110.15,20110.35,19914.65,328060000
11-09-2023,19996.35,19890,20008.15,19865.35,248760000
08-09-2023,19819.95,19774.8,19867.15,19727.05,288090000
07-09-2023,19727.05,19598.65,19737,19550.05,304930000
06-09-2023,19611.05,19581.2,19636.45,19491.5,287560000
05-09-2023,19574.9,19564.65,19587.05,19525.75,256830000
04-09-2023,19528.8,19525.05,19545.15,19432.85,296820000
01-09-2023,19435.3,19258.15,19458.55,19255.7,333020000
31-08-2023,19253.8,19375.55,19388.2,19223.65,562560000
30-08-2023,19347.45,19433.45,19452.8,19334.75,233000000
29-08-2023,19342.65,19374.85,19377.9,19309.1,307390000
28-08-2023,19306.05,19298.35,19366.85,19249.7,248180000
25-08-2023,19265.8,19297.4,19339.55,19229.7,466520000
24-08-2023,19386.7,19535.15,19584.45,19369,268260000
23-08-2023,19444,19439.2,19472.05,19366.6,225220000
22-08-2023,19396.45,19417.1,19443.5,19381.3,208700000
21-08-2023,19393.6,19320.65,19425.95,19296.3,262590000
18-08-2023,19310.15,19301.75,19373.8,19253.6,256140000
17-08-2023,19365.25,19450.55,19461.55,19326.25,268660000
16-08-2023,19465,19369,19482.75,19317.2,226630000
14-08-2023,19434.55,19383.95,19465.85,19257.9,243850000
11-08-2023,19428.3,19554.25,19557.75,19412.75,235520000
10-08-2023,19543.1,19605.55,19623.6,19495.4,312190000
09-08-2023,19632.55,19578.8,19645.5,19467.5,266500000
08-08-2023,19570.85,19627.2,19634.4,19533.1,260290000
07-08-2023,19597.3,19576.85,19620.45,19524.8,216590000
04-08-2023,19517,19462.8,19538.85,19436.45,280800000
03-08-2023,19381.65,19463.75,19537.65,19296.45,315690000
02-08-2023,19526.55,19655.4,19678.25,19423.55,290670000
01-08-2023,19733.55,19784,19795.6,19704.6,298050000
31-07-2023,19753.8,19666.35,19772.75,19597.6,295050000
28-07-2023,19646.05,19659.75,19695.9,19563.1,258670000
27-07-2023,19659.9,19850.9,19867.55,19603.55,334890000
26-07-2023,19778.3,19733.35,19825.6,19716.7,244750000
25-07-2023,19680.6,19729.35,19729.35,19615.95,369650000
24-07-2023,19672.35,19748.45,19782.75,19658.3,265560000
21-07-2023,19745,19800.45,19887.4,19700,312460000
20-07-2023,19979.15,19831.7,19991.85,19758.4,274700000
19-07-2023,19833.15,19802.95,19851.7,19727.45,259660000
18-07-2023,19749.25,19787.5,19819.45,19690.2,286350000
17-07-2023,19711.45,19612.15,19731.85,19562.95,268710000
14-07-2023,19564.5,19493.45,19595.35,19433.5,291170000
13-07-2023,19413.75,19495.2,19567,19385.8,310440000
12-07-2023,19384.3,19497.45,19507.7,19361.75,327940000
11-07-2023,19439.4,19427.1,19515.1,19406.45,251260000
10-07-2023,19355.9,19400.35,19435.85,19327.1,268250000
07-07-2023,19331.8,19422.8,19523.6,19303.6,237100000
06-07-2023,19497.3,19385.7,19512.2,19373,268260000
05-07-2023,19398.5,19405.95,19421.6,19339.6,224420000
04-07-2023,19389,19406.6,19434.15,19300,226920000
03-07-2023,19322.55,19246.5,19345.1,19234.4,226050000
30-06-2023,19189.05,19076.85,19201.7,19024.6,247910000
28-06-2023,18972.1,18908.15,19011.25,18861.35,398780000
27-06-2023,18817.4,18748.55,18829.25,18714.25,222460000
26-06-2023,18691.2,18682.35,18722.05,18646.7,171270000
23-06-2023,18665.5,18741.85,18756.4,18647.1,210560000
22-06-2023,18771.25,18853.6,18886.6,18759.5,252700000
21-06-2023,18856.85,18849.4,18875.9,18794.85,217480000
20-06-2023,18816.7,18752.35,18839.7,18660.65,211650000
19-06-2023,18755.45,18873.3,18881.45,18719.15,219820000
16-06-2023,18826,18723.3,18864.7,18710.5,272770000
15-06-2023,18688.1,18774.45,18794.1,18669.05,263000000
14-06-2023,18755.9,18744.6,18769.7,18690,261360000
13-06-2023,18716.15,18631.8,18728.9,18631.8,233170000
12-06-2023,18601.5,18595.05,18633.6,18559.75,179460000
09-06-2023,18563.4,18655.9,18676.65,18555.4,221760000
08-06-2023,18634.55,18725.35,18777.9,18615.6,286470000
07-06-2023,18726.4,18665.6,18738.95,18636,260110000
06-06-2023,18599,18600.8,18622.75,18531.6,220790000
05-06-2023,18593.85,18612,18640.15,18582.8,256110000
02-06-2023,18534.1,18550.85,18573.7,18478.4,270920000
01-06-2023,18487.75,18579.4,18580.3,18464.55,265630000
31-05-2023,18534.4,18594.2,18603.9,18483.85,696500000
30-05-2023,18633.85,18606.65,18662.45,18575.5,234390000
29-05-2023,18598.65,18619.15,18641.2,18581.25,265320000
26-05-2023,18499.35,18368.35,18508.55,18333.15,198670000
25-05-2023,18321.15,18268.9,18338.1,18202.4,235920000
24-05-2023,18285.4,18294.8,18392.6,18262.95,232620000
23-05-2023,18348,18362.9,18419.75,18324.2,270350000
22-05-2023,18314.4,18201.1,18335.25,18178.85,262560000
19-05-2023,18203.4,18186.15,18218.1,18060.4,260900000
18-05-2023,18129.95,18287.5,18297.2,18104.85,272100000
17-05-2023,18181.75,18300.45,18309,18115.35,229900000
16-05-2023,18286.5,18432.35,18432.35,18264.35,219490000
15-05-2023,18398.85,18339.3,18458.9,18287.9,216090000
12-05-2023,18314.8,18273.75,18342.75,18194.55,241700000
11-05-2023,18297,18357.8,18389.7,18270.4,248930000
10-05-2023,18315.1,18313.6,18326.75,18211.95,220450000
09-05-2023,18265.95,18303.4,18344.2,18229.65,245370000
08-05-2023,18264.4,18120.6,18286.95,18100.3,228400000
05-05-2023,18069,18117.3,18216.95,18055.45,239700000
04-05-2023,18255.8,18081,18267.45,18066.7,226640000
03-05-2023,18089.85,18113.8,18116.35,18042.4,226170000
02-05-2023,18147.65,18124.8,18180.25,18101.75,265220000
28-04-2023,18065,17950.4,18089.15,17885.3,290260000
27-04-2023,17915.05,17813.1,17931.6,17797.9,241440000
26-04-2023,17813.6,17767.3,17827.75,17711.2,233010000
25-04-2023,17769.25,17761.55,17807.45,17716.85,297450000
24-04-2023,17743.4,17707.55,17754.5,17612.5,255740000
21-04-2023,17624.05,17639.75,17663.2,17553.95,230160000
20-04-2023,17624.45,17638.6,17684.45,17584.35,215100000
19-04-2023,17618.75,17653.35,17666.15,17579.85,281460000
18-04-2023,17660.15,17766.6,17766.6,17610.2,258860000
17-04-2023,17706.85,17863,17863,17574.05,357400000
13-04-2023,17828,17807.3,17842.15,17729.65,285760000
12-04-2023,17812.4,17759.55,17825.75,17717.25,232820000
11-04-2023,17722.3,17704.8,17748.75,17655.15,304260000
10-04-2023,17624.05,17634.9,17694.1,17597.95,254820000
06-04-2023,17599.15,17533.85,17638.7,17502.85,242710000
05-04-2023,17557.05,17422.3,17570.55,17402.7,248340000
03-04-2023,17398.05,17427.95,17428.05,17312.75,230170000
31-03-2023,17359.75,17210.35,17381.6,17204.65,263890000
29-03-2023,17080.7,16977.3,17126.15,16940.6,345910000
28-03-2023,16951.7,17031.75,17061.75,16913.75,238840000
27-03-2023,16985.7,16984.3,17091,16918.55,218420000
24-03-2023,16945.05,17076.2,17109.45,16917.35,228040000
23-03-2023,17076.9,17097.4,17205.4,17045.3,219170000
22-03-2023,17151.9,17177.45,17207.25,17107.85,NA
21-03-2023,17107.5,17060.4,17127.7,17016,246740000
20-03-2023,16988.4,17066.6,17066.6,16828.35,241780000
17-03-2023,17100.05,17111.8,17145.8,16958.15,408120000
16-03-2023,16985.6,16994.65,17062.45,16850.15,349820000
15-03-2023,16972.15,17166.45,17211.35,16938.9,248190000
14-03-2023,17043.3,17160.55,17224.65,16987.1,290600000
13-03-2023,17154.3,17421.9,17529.9,17113.45,254920000
10-03-2023,17412.9,17443.8,17451.5,17324.35,235930000
09-03-2023,17589.6,17772.05,17772.35,17573.6,262350000
08-03-2023,17754.4,17665.75,17766.5,17602.25,267040000
06-03-2023,17711.45,17680.35,17799.95,17671.95,362800000
03-03-2023,17594.35,17451.25,17644.75,17427.7,356170000
02-03-2023,17321.9,17421.5,17445.8,17306,310670000
01-03-2023,17450.9,17360.1,17467.75,17345.25,272880000
28-02-2023,17303.95,17383.25,17440.45,17255.2,420880000
27-02-2023,17392.7,17428.6,17451.6,17299,246450000
24-02-2023,17465.8,17591.35,17599.75,17421.8,209410000
23-02-2023,17511.25,17574.65,17620.05,17455.4,240810000
22-02-2023,17554.3,17755.35,17772.5,17529.45,204020000
21-02-2023,17826.7,17905.8,17924.9,17800.3,198250000
20-02-2023,17844.6,17965.55,18004.35,17818.4,174560000
17-02-2023,17944.2,17974.85,18034.25,17884.6,208050000
16-02-2023,18035.85,18094.75,18134.75,18000.65,230250000
15-02-2023,18015.85,17896.6,18034.1,17853.8,229270000
14-02-2023,17929.85,17840.35,17954.55,17800.05,244510000
13-02-2023,17770.9,17859.1,17880.7,17719.75,231280000
10-02-2023,17856.5,17847.55,17876.95,17801,231990000
09-02-2023,17893.45,17885.5,17916.9,17779.8,260850000
08-02-2023,17871.7,17750.3,17898.7,17744.15,290990000
07-02-2023,17721.5,17790.1,17811.15,17652.55,354400000
06-02-2023,17764.6,17818.55,17823.7,17698.35,282540000
03-02-2023,17854.05,17721.75,17870.3,17584.2,424120000
02-02-2023,17610.4,17517.1,17653.9,17445.95,490110000
01-02-2023,17616.3,17811.6,17972.2,17353.4,512870000
31-01-2023,17662.15,17731.45,17735.7,17537.55,398340000
30-01-2023,17648.95,17541.95,17709.15,17405.55,432430000
27-01-2023,17604.35,17877.2,17884.75,17493.55,476340000
25-01-2023,17891.95,18093.35,18100.6,17846.15,257230000
24-01-2023,18118.3,18183.95,18201.25,18078.65,216910000
23-01-2023,18118.55,18118.45,18162.6,18063.45,202460000
20-01-2023,18027.65,18115.6,18145.45,18016.2,237220000
19-01-2023,18107.85,18119.8,18155.2,18063.75,237830000
18-01-2023,18165.35,18074.3,18183.75,18032.45,255840000
17-01-2023,18053.3,17922.8,18072.05,17886.95,219060000
16-01-2023,17894.85,18033.15,18049.65,17853.65,206200000
13-01-2023,17956.6,17867.5,17999.35,17774.25,256700000
12-01-2023,17858.2,17920.85,17945.8,17761.65,227770000
11-01-2023,17895.7,17924.25,17976.35,17824.35,259850000
10-01-2023,17914.15,18121.3,18127.6,17856,283280000
09-01-2023,18101.2,17952.55,18141.4,17936.15,257240000
06-01-2023,17859.45,18008.05,18047.4,17795.55,238220000
05-01-2023,17992.15,18101.95,18120.3,17892.6,269950000
04-01-2023,18042.95,18230.65,18243,18020.6,235160000
03-01-2023,18232.55,18163.2,18251.95,18149.8,208700000
02-01-2023,18197.45,18131.7,18215.15,18086.5,256070000
30-12-2022,18105.3,18259.1,18265.25,18080.3,192010000
29-12-2022,18191,18045.7,18229.7,17992.8,281050000
28-12-2022,18122.5,18084.75,18173.1,18068.35,193870000
27-12-2022,18132.3,18089.8,18149.25,17967.45,214260000
26-12-2022,18014.6,17830.4,18084.1,17774.25,176650000
23-12-2022,17806.8,17977.65,18050.45,17779.5,221460000
22-12-2022,18127.35,18288.8,18318.75,18068.6,195700000
21-12-2022,18199.1,18435.15,18473.35,18162.75,187590000
20-12-2022,18385.3,18340.3,18404.9,18202.65,169040000
19-12-2022,18420.45,18288.1,18431.65,18244.55,154850000
16-12-2022,18269,18319.1,18440.95,18255.15,277650000
15-12-2022,18414.9,18614.4,18652.9,18387.7,183130000
14-12-2022,18660.3,18671.25,18696.1,18632.9,208030000
13-12-2022,18608,18524.4,18617.25,18490.2,187590000
12-12-2022,18497.15,18402.15,18521.55,18345.7,193880000
09-12-2022,18496.6,18662.4,18664.7,18410.1,215840000
08-12-2022,18609.35,18570.85,18625,18536.95,202810000
07-12-2022,18560.5,18638.85,18668.3,18528.4,200500000
06-12-2022,18642.75,18600.65,18654.9,18577.9,217780000
05-12-2022,18701.05,18719.55,18728.6,18591.35,288390000
02-12-2022,18696.1,18752.4,18781.95,18639.2,254400000
01-12-2022,18812.5,18871.95,18887.6,18778.2,324960000
30-11-2022,18758.35,18625.7,18816.05,18616.55,345640000
29-11-2022,18618.05,18552.45,18678.1,18552.15,195260000
28-11-2022,18562.75,18430.55,18614.25,18365.6,206470000
25-11-2022,18512.75,18528.45,18534.9,18445.1,205880000
24-11-2022,18484.1,18326.1,18529.7,18294.25,204040000
23-11-2022,18267.25,18325.2,18325.4,18246,178790000
22-11-2022,18244.2,18179.15,18261.85,18137.7,177680000
21-11-2022,18159.95,18246.4,18262.3,18133.35,213800000
18-11-2022,18307.65,18382.95,18394.6,18209.8,198800000
17-11-2022,18343.9,18358.7,18417.6,18312.95,200510000
16-11-2022,18409.65,18398.25,18442.15,18344.15,219270000
15-11-2022,18403.4,18362.75,18427.95,18282,250930000
14-11-2022,18329.15,18376.4,18399.45,18311.4,301400000
11-11-2022,18349.7,18272.35,18362.3,18259.35,378470000
10-11-2022,18028.2,18044.35,18103.1,17969.4,256450000
09-11-2022,18157,18288.25,18296.4,18117.5,307160000
07-11-2022,18202.8,18211.75,18255.5,18064.75,314760000
04-11-2022,18117.15,18053.4,18135.1,18017.15,267940000
03-11-2022,18052.7,17968.35,18106.3,17959.2,212970000
02-11-2022,18082.85,18177.9,18178.75,18048.65,270880000
01-11-2022,18145.4,18130.7,18175.8,18060.15,349920000
31-10-2022,18012.2,17910.2,18022.8,17899.9,227180000
28-10-2022,17786.8,17756.4,17838.9,17723.7,250030000
27-10-2022,17736.95,17771.4,17783.9,17654.5,324650000
25-10-2022,17656.35,17808.3,17811.5,17637,251360000
24-10-2022,17730.75,17736.35,17777.55,17707.4,45030000
21-10-2022,17576.3,17622.85,17670.15,17520.75,277700000
20-10-2022,17563.95,17423.1,17584.15,17421,249600000
19-10-2022,17512.25,17568.15,17607.6,17472.85,210480000
18-10-2022,17486.95,17438.75,17527.8,17434.05,239490000
17-10-2022,17311.8,17144.8,17328.55,17098.55,212220000
14-10-2022,17185.7,17322.3,17348.55,17169.75,227000000
13-10-2022,17014.35,17087.35,17112.35,16956.95,266440000
12-10-2022,17123.6,17025.55,17142.35,16960.05,256040000
11-10-2022,16983.55,17256.05,17261.8,16950.3,282620000
10-10-2022,17241,17094.35,17280.15,17064.7,234010000
07-10-2022,17314.65,17287.2,17337.35,17216.95,216270000
06-10-2022,17331.8,17379.25,17428.8,17315.65,265450000
04-10-2022,17274.3,17147.45,17287.3,17117.3,226020000
03-10-2022,16887.35,17102.1,17114.65,16855.55,278370000
30-09-2022,17094.35,16798.05,17187.1,16747.7,376120000
29-09-2022,16818.1,16993.6,17026.05,16788.6,340030000
28-09-2022,16858.6,16870.55,17037.6,16820.4,323920000
27-09-2022,17007.4,17110.9,17176.45,16942.35,359900000
26-09-2022,17016.3,17156.3,17196.4,16978.3,492000000
23-09-2022,17327.35,17593.85,17642.15,17291.65,390760000
22-09-2022,17629.8,17609.65,17722.75,17532.45,284090000
21-09-2022,17718.35,17766.35,17838.7,17663.6,245530000
20-09-2022,17816.25,17770.4,17919.3,17744.4,263100000
19-09-2022,17622.25,17540.65,17667.2,17429.7,258330000
16-09-2022,17530.85,17796.8,17820.05,17497.25,468460000
15-09-2022,17877.4,18046.35,18096.15,17861.5,289640000
14-09-2022,18003.75,17771.15,18091.55,17771.15,365870000
13-09-2022,18070.05,18044.45,18088.3,18015.45,259920000
12-09-2022,17936.35,17890.85,17980.55,17889.15,228240000
09-09-2022,17833.35,17923.35,17925.95,17786,270300000
08-09-2022,17798.75,17748.15,17807.65,17691.95,279850000
07-09-2022,17624.4,17519.4,17650.75,17484.3,354140000
06-09-2022,17655.6,17695.7,17764.65,17587.65,251200000
05-09-2022,17665.8,17546.45,17683.15,17540.35,230310000
02-09-2022,17539.45,17598.4,17643.85,17476.45,256270000
01-09-2022,17542.8,17485.7,17695.6,17468.45,308530000
30-08-2022,17759.3,17414.95,17777.65,17401.5,324690000
29-08-2022,17312.9,17188.65,17380.15,17166.2,244860000
26-08-2022,17558.9,17619.3,17685.85,17519.35,266640000
25-08-2022,17522.45,17679,17726.5,17487.45,230180000
24-08-2022,17604.95,17525.45,17623.65,17499.25,261950000
23-08-2022,17577.5,17357.35,17625.55,17345.2,285620000
22-08-2022,17490.7,17682.9,17690.05,17467.35,287560000
19-08-2022,17758.45,17966.55,17992.2,17710.75,295630000
18-08-2022,17956.5,17898.65,17968.45,17852.05,263910000
17-08-2022,17944.25,17868.15,17965.95,17833.35,262770000
16-08-2022,17825.25,17797.2,17839.1,17764.05,NA
12-08-2022,17698.15,17659.65,17724.65,17597.85,303870000
11-08-2022,17659,17711.65,17719.3,17631.95,311250000
10-08-2022,17534.75,17566.1,17566.1,17442.8,312720000
08-08-2022,17525.1,17401.5,17548.8,17359.75,256990000
05-08-2022,17397.5,17423.65,17474.4,17348.75,355310000
04-08-2022,17382,17463.1,17490.7,17161.25,324980000
03-08-2022,17388.15,17349.25,17407.5,17225.85,285420000
02-08-2022,17345.45,17310.15,17390.15,17215.85,333640000
01-08-2022,17340.05,17243.2,17356.25,17154.8,381530000
29-07-2022,17158.25,17079.5,17172.8,17018.15,436060000
28-07-2022,16929.6,16774.85,16947.65,16746.25,376260000
27-07-2022,16641.8,16475.35,16653.45,16438.75,185210000
26-07-2022,16483.85,16632.9,16636.1,16463.3,208210000
25-07-2022,16631,16662.55,16706.05,16564.25,211390000
22-07-2022,16719.45,16661.25,16752.25,16610.9,190910000
21-07-2022,16605.25,16523.55,16626.95,16483.9,243620000
20-07-2022,16520.85,16562.8,16588,16490.95,284360000
19-07-2022,16340.55,16187.05,16359.5,16187.05,222630000
18-07-2022,16278.5,16151.4,16287.95,16142.2,227740000
15-07-2022,16049.2,16010.8,16066.95,15927.3,205770000
14-07-2022,15938.65,16018.85,16070.85,15858.2,228600000
13-07-2022,15966.65,16128.2,16140,15950.15,233260000
12-07-2022,16058.3,16126.2,16158.75,16031.15,208650000
11-07-2022,16216,16136.15,16248.55,16115.5,255920000
08-07-2022,16220.6,16273.65,16275.5,16157.9,281100000
07-07-2022,16132.9,16113.75,16150.5,16045.95,264620000
06-07-2022,15989.8,15818.2,16011.35,15800.9,288380000
05-07-2022,15810.85,15909.15,16025.75,15785.45,254160000
04-07-2022,15835.35,15710.5,15852.35,15661.8,304330000
01-07-2022,15752.05,15703.7,15793.95,15511.05,364090000
30-06-2022,15780.25,15774.5,15890,15728.85,306030000
29-06-2022,15799.1,15701.7,15861.6,15687.8,444950000
28-06-2022,15850.2,15757.45,15892.1,15710.15,251870000
27-06-2022,15832.05,15926.2,15927.45,15815.5,210930000
24-06-2022,15699.25,15657.4,15749.25,15619.45,219600000
23-06-2022,15556.65,15451.55,15628.45,15367.5,259170000
22-06-2022,15413.3,15545.65,15565.4,15385.95,220890000
21-06-2022,15638.8,15455.95,15707.25,15419.85,262790000
20-06-2022,15350.15,15334.5,15382.5,15191.1,260020000
17-06-2022,15293.5,15272.65,15400.4,15183.4,342630000
16-06-2022,15360.6,15832.25,15863.15,15335.1,264740000
15-06-2022,15692.15,15729.25,15783.65,15678.9,183010000
14-06-2022,15732.1,15674.25,15858,15659.45,225430000
13-06-2022,15774.4,15877.55,15886.15,15684,225530000
10-06-2022,16201.8,16283.95,16324.7,16172.6,189680000
09-06-2022,16478.1,16263.85,16492.8,16243.85,204950000
08-06-2022,16356.25,16474.95,16514.3,16293.35,243480000
07-06-2022,16416.35,16469.6,16487.25,16347.1,233810000
06-06-2022,16569.55,16530.7,16610.95,16444.55,233590000
03-06-2022,16584.3,16761.65,16793.85,16567.9,245510000
02-06-2022,16628,16481.65,16646.4,16443.05,235960000
01-06-2022,16522.75,16594.4,16649.2,16438.85,249620000
31-05-2022,16584.55,16578.45,16690.75,16521.9,651610000
30-05-2022,16661.4,16527.9,16695.5,16506.15,251400000
27-05-2022,16352.45,16296.6,16370.6,16221.95,274060000
26-05-2022,16170.15,16105,16204.45,15903.7,314310000
25-05-2022,16025.8,16196.35,16223.35,16006.95,243340000
24-05-2022,16125.15,16225.55,16262.8,16078.6,249780000
23-05-2022,16214.7,16290.95,16414.7,16185.75,293830000
20-05-2022,16266.15,16043.8,16283.05,16003.85,252400000
19-05-2022,15809.4,15917.4,15984.75,15775.2,313880000
18-05-2022,16240.3,16318.15,16399.8,16211.2,290440000
17-05-2022,16259.3,15912.6,16284.25,15900.8,295690000
16-05-2022,15842.3,15845.1,15977.95,15739.65,217650000
13-05-2022,15782.15,15977,16083.6,15740.85,369140000
12-05-2022,15808,16021.1,16041.95,15735.75,314920000
11-05-2022,16167.1,16270.05,16318.75,15992.6,284290000
10-05-2022,16240.05,16248.9,16404.55,16197.3,283060000
09-05-2022,16301.85,16227.7,16403.7,16142.1,288400000
06-05-2022,16411.25,16415.55,16484.2,16340.9,300530000
05-05-2022,16682.65,16854.75,16945.7,16651.85,265790000
04-05-2022,16677.6,17096.6,17132.85,16623.95,310630000
02-05-2022,17069.1,16924.45,17092.25,16917.25,278160000
29-04-2022,17102.55,17329.25,17377.65,17053.25,336240000
28-04-2022,17245.05,17189.5,17322.5,17071.05,312910000
27-04-2022,17038.4,17073.35,17110.7,16958.45,265140000
26-04-2022,17200.8,17121.3,17223.85,17064.45,261070000
25-04-2022,16953.95,17009.05,17054.3,16888.7,275690000
22-04-2022,17171.95,17242.75,17315.3,17149.2,262740000
21-04-2022,17392.6,17234.6,17414.7,17215.5,285200000
20-04-2022,17136.55,17045.25,17186.9,16978.95,286070000
19-04-2022,16958.65,17258.95,17275.65,16824.7,401400000
18-04-2022,17173.65,17183.45,17237.75,17067.85,376130000
13-04-2022,17475.65,17599.9,17663.65,17457.4,245060000
12-04-2022,17530.3,17584.85,17595.3,17442.35,266030000
11-04-2022,17674.95,17740.9,17779.05,17650.95,251700000
08-04-2022,17784.35,17698.15,17842.75,17600.55,274450000
07-04-2022,17639.55,17723.3,17787.5,17623.7,308840000
06-04-2022,17807.65,17842.75,17901,17779.85,328820000
05-04-2022,17957.4,18080.6,18095.45,17921.55,283450000
04-04-2022,18053.4,17809.1,18114.65,17791.4,345530000
01-04-2022,17670.45,17436.9,17703.7,17422.7,291770000
31-03-2022,17464.75,17519.2,17559.8,17435.2,281110000
30-03-2022,17498.25,17468.15,17522.5,17387.2,505030000
29-03-2022,17325.3,17297.2,17343.65,17235.7,235150000
28-03-2022,17222,17181.85,17235.1,17003.9,253240000
25-03-2022,17153,17289,17294.9,17076.55,237120000
24-03-2022,17222.75,17094.95,17291.75,17091.15,290280000
23-03-2022,17245.65,17405.05,17442.4,17199.6,292120000
22-03-2022,17315.5,17120.4,17334.4,17006.3,338260000
21-03-2022,17117.6,17329.5,17353.35,17096.4,285450000
17-03-2022,17287.05,17202.9,17344.6,17175.75,448340000
16-03-2022,16975.35,16876.65,16987.9,16837.85,259970000
15-03-2022,16663,16900.65,16927.75,16555,381630000
14-03-2022,16871.3,16633.7,16887.95,16606.5,314670000
11-03-2022,16630.45,16528.8,16694.4,16470.9,343720000
10-03-2022,16594.9,16757.1,16757.3,16447.9,486450000
09-03-2022,16345.35,16078,16418.05,15990,462230000
08-03-2022,16013.45,15747.75,16028.75,15671.45,543600000
07-03-2022,15863.15,15867.95,15944.6,15711.45,585400000
04-03-2022,16245.35,16339.45,16456,16133.8,456140000
03-03-2022,16498.05,16723.2,16768.95,16442.95,442070000
02-03-2022,16605.95,16593.1,16678.5,16478.65,517720000
28-02-2022,16793.9,16481.6,16815.9,16356.3,404210000
25-02-2022,16658.4,16515.65,16748.8,16478.3,329780000
24-02-2022,16247.95,16548.9,16705.25,16203.25,457970000
23-02-2022,17063.25,17194.5,17220.7,17027.85,200230000
22-02-2022,17092.2,16847.95,17148.55,16843.8,300130000
21-02-2022,17206.65,17192.25,17351.05,17070.7,215180000
18-02-2022,17276.3,17236.05,17380.8,17219.2,189620000
17-02-2022,17304.6,17396.55,17442.9,17235.85,232140000
16-02-2022,17322.2,17408.45,17490.6,17257.7,244550000
15-02-2022,17352.45,16933.25,17375,16839.25,298660000
14-02-2022,16842.8,17076.15,17099.5,16809.65,305510000
11-02-2022,17374.75,17451,17454.75,17303,253140000
10-02-2022,17605.85,17554.1,17639.45,17427.15,273610000
09-02-2022,17463.8,17370.1,17477.15,17339,236350000
08-02-2022,17266.75,17279.85,17306.45,17043.65,268530000
07-02-2022,17213.6,17456.3,17536.75,17119.4,265040000
04-02-2022,17516.3,17590.2,17617.8,17462.55,261430000
03-02-2022,17560.2,17767.75,17781.15,17511.15,226610000
02-02-2022,17780,17706.2,17794.6,17674.8,271210000
01-02-2022,17576.85,17529.45,17622.4,17244.55,386390000
31-01-2022,17339.85,17301.05,17410,17264.15,321660000
28-01-2022,17101.95,17208.3,17373.5,17077.1,355280000
27-01-2022,17110.15,17062,17182.5,16866.75,395600000
25-01-2022,17277.95,17001.55,17309.15,16836.8,326520000
24-01-2022,17149.1,17575.15,17599.4,16997.85,323850000
21-01-2022,17617.15,17613.7,17707.6,17485.85,277650000
20-01-2022,17757,17921,17943.7,17648.45,258090000
19-01-2022,17938.4,18129.2,18129.2,17884.9,276660000
18-01-2022,18113.05,18337.2,18350.95,18085.9,227510000
17-01-2022,18308.1,18235.65,18321.55,18228.75,266700000
14-01-2022,18255.75,18185,18286.95,18119.65,229450000
13-01-2022,18257.8,18257,18272.25,18163.8,303700000
12-01-2022,18212.35,18170.4,18227.95,18128.8,244970000
11-01-2022,18055.75,17997.75,18081.25,17964.4,220240000
10-01-2022,18003.3,17913.3,18017.45,17879.15,232420000
07-01-2022,17812.7,17797.6,17905,17704.55,239340000
06-01-2022,17745.9,17768.5,17797.95,17655.55,236450000
05-01-2022,17925.25,17820.1,17944.7,17748.85,251460000
04-01-2022,17805.25,17681.4,17827.6,17593.55,247440000
03-01-2022,17625.7,17387.15,17646.65,17383.3,200460000
31-12-2021,17354.05,17244.5,17400.8,17238.5,167030000
30-12-2021,17203.95,17201.45,17264.05,17146.35,320830000
29-12-2021,17213.6,17220.1,17285.95,17176.65,161680000
28-12-2021,17233.25,17177.6,17250.25,17161.15,176030000
27-12-2021,17086.25,16937.75,17112.05,16833.2,144780000
24-12-2021,17003.75,17149.5,17155.6,16909.6,182560000
23-12-2021,17072.6,17066.8,17118.65,17015.55,196970000
22-12-2021,16955.45,16865.55,16971,16819.5,207950000
21-12-2021,16770.85,16773.15,16936.4,16688.25,241030000
20-12-2021,16614.2,16824.25,16840.1,16410.2,330610000
17-12-2021,16985.2,17276,17298.15,16966.45,354590000
16-12-2021,17248.4,17373,17379.35,17184.95,219500000
15-12-2021,17221.4,17323.65,17351.2,17192.2,214970000
14-12-2021,17324.9,17283.2,17376.2,17225.8,270970000
13-12-2021,17368.25,17619.1,17639.5,17355.95,256560000
10-12-2021,17511.3,17476.05,17534.35,17405.25,204470000
09-12-2021,17516.85,17524.4,17543.25,17379.6,237170000
08-12-2021,17469.75,17315.25,17484.6,17308.95,257790000
07-12-2021,17176.7,17044.1,17251.65,16987.75,254140000
06-12-2021,16912.25,17209.05,17216.75,16891.7,231720000
03-12-2021,17196.7,17424.9,17489.8,17180.8,292530000
02-12-2021,17401.65,17183.2,17420.35,17149.3,279870000
01-12-2021,17166.9,17104.4,17213.05,17064.25,295540000
30-11-2021,16983.2,17051.15,17324.65,16931.4,498000000
29-11-2021,17053.95,17055.8,17160.7,16782.4,348890000
26-11-2021,17026.45,17338.75,17355.4,16985.7,356330000
25-11-2021,17536.25,17417.3,17564.35,17351.7,255950000
24-11-2021,17415.05,17550.05,17600.6,17354,298050000
23-11-2021,17503.35,17281.75,17553.7,17216.1,308840000
22-11-2021,17416.55,17796.25,17805.25,17280.45,356400000
18-11-2021,17764.8,17890.55,17945.6,17688.5,278430000
17-11-2021,17898.65,17939.35,18022.65,17879.25,295720000
16-11-2021,17999.2,18127.05,18132.65,17958.8,267430000
15-11-2021,18109.45,18140.95,18210.15,18071.3,280430000
12-11-2021,18102.75,17977.6,18123,17905.9,249110000
11-11-2021,17873.6,17967.45,17971.35,17798.2,232120000
10-11-2021,18017.2,17973.45,18061.25,17915,261450000
09-11-2021,18044.25,18084.35,18112.6,17983.05,270200000
08-11-2021,18068.55,18040.2,18087.8,17836.1,338920000
04-11-2021,17916.8,17935.05,17947.55,17900.6,48520000
03-11-2021,17829.2,17947.95,17988.75,17757.95,331000000
02-11-2021,17888.95,17970.9,18012.25,17847.6,296440000
01-11-2021,17929.65,17783.15,17954.1,17697.1,281190000
29-10-2021,17671.65,17833.05,17915.85,17613.1,336470000
28-10-2021,17857.25,18187.65,18190.7,17799.45,374210000
27-10-2021,18210.95,18295.85,18342.05,18167.9,335250000
26-10-2021,18268.4,18154.5,18310.45,18099.3,341380000
25-10-2021,18125.4,18229.5,18241.4,17968.5,418700000
22-10-2021,18114.9,18230.7,18314.25,18034.35,324750000
21-10-2021,18178.1,18382.7,18384.2,18048,365900000
20-10-2021,18266.6,18439.9,18458.3,18209.35,371280000
19-10-2021,18418.75,18602.35,18604.45,18377.7,368230000
18-10-2021,18477.05,18500.1,18543.15,18445.3,469880000
14-10-2021,18338.55,18272.85,18350.75,18248.7,538710000
13-10-2021,18161.75,18097.85,18197.8,18050.75,506680000
12-10-2021,17991.95,17915.8,18008.65,17864.95,355570000
11-10-2021,17945.95,17867.55,18041.95,17839.1,375760000
08-10-2021,17895.2,17886.85,17941.85,17840.35,324070000
07-10-2021,17790.35,17810.55,17857.55,17763.8,419890000
06-10-2021,17646,17861.5,17884.6,17613.15,395830000
05-10-2021,17822.3,17661.35,17833.45,17640.9,427000000
04-10-2021,17691.25,17615.55,17750.9,17581.35,295760000
01-10-2021,17532.05,17531.9,17557.15,17452.9,305760000
30-09-2021,17618.15,17718.9,17742.15,17585.35,378590000
29-09-2021,17711.3,17657.95,17781.75,17608.15,562240000
28-09-2021,17748.6,17906.45,17912.85,17576.1,398000000
27-09-2021,17855.1,17932.2,17943.5,17802.9,295710000
24-09-2021,17853.2,17897.45,17947.65,17819.4,360130000
23-09-2021,17822.95,17670.85,17843.9,17646.55,320510000
22-09-2021,17546.65,17580.9,17610.45,17524,295190000
21-09-2021,17562,17450.5,17578.35,17326.1,363580000
20-09-2021,17396.9,17443.85,17622.75,17361.8,339100000
17-09-2021,17585.15,17709.65,17792.95,17537.65,508290000
16-09-2021,17629.5,17539.2,17644.6,17510.45,503310000
15-09-2021,17519.45,17387.65,17532.7,17386.9,388190000
14-09-2021,17380,17420.35,17438.55,17367.05,230350000
13-09-2021,17355.3,17363.55,17378.35,17269.15,241050000
09-09-2021,17369.25,17312.85,17379.65,17302.7,241510000
08-09-2021,17353.5,17375.75,17383.4,17254.2,252650000
07-09-2021,17362.1,17401.55,17436.5,17287,243420000
06-09-2021,17377.8,17399.35,17429.55,17345.55,228050000
03-09-2021,17323.6,17262.45,17340.1,17212.2,261370000
02-09-2021,17234.15,17095.4,17245.5,17059.7,242380000
01-09-2021,17076.25,17185.6,17225.75,17055.05,301890000
31-08-2021,17132.2,16947.5,17153.5,16915.85,464390000
30-08-2021,16931.05,16775.85,16951.5,16764.85,283480000
27-08-2021,16705.2,16642.55,16722.05,16565.6,217410000
26-08-2021,16636.9,16627.95,16683.7,16603.4,253530000
25-08-2021,16634.65,16654,16712.45,16617.5,265920000
24-08-2021,16624.6,16561.4,16647.1,16495.3,275360000
23-08-2021,16496.45,16592.25,16592.5,16395.7,275600000
20-08-2021,16450.5,16382.5,16509.55,16376.05,350820000
18-08-2021,16568.85,16691.95,16701.85,16535.85,251800000
17-08-2021,16614.6,16545.25,16628.55,16495.4,297390000
16-08-2021,16563.05,16518.4,16589.4,16480.75,254050000
13-08-2021,16529.1,16385.7,16543.6,16376.3,321870000
12-08-2021,16364.4,16303.65,16375.5,16286.9,280180000
11-08-2021,16282.25,16327.3,16338.75,16162.55,277900000
10-08-2021,16280.1,16274.8,16359.25,16202.25,287990000
09-08-2021,16258.25,16281.35,16320.75,16179.05,240450000
06-08-2021,16238.2,16304.4,16336.75,16223.3,320090000
05-08-2021,16294.6,16288.95,16349.45,16210.3,418170000
04-08-2021,16258.8,16195.25,16290.2,16176.15,427340000
03-08-2021,16130.75,15951.55,16146.9,15914.35,341290000
02-08-2021,15885.15,15874.9,15892.9,15834.65,244850000
30-07-2021,15763.05,15800.6,15862.8,15744.85,400020000
29-07-2021,15778.45,15762.7,15817.35,15737.8,401580000
28-07-2021,15709.4,15761.55,15767.5,15513.45,318600000
27-07-2021,15746.45,15860.5,15881.55,15701,311010000
26-07-2021,15824.45,15849.3,15893.35,15797,267080000
23-07-2021,15856.05,15856.8,15899.8,15768.4,294100000
22-07-2021,15824.05,15736.6,15834.8,15726.4,265250000
20-07-2021,15632.1,15703.95,15728.45,15578.55,274280000
19-07-2021,15752.4,15754.5,15836.9,15707.5,242130000
16-07-2021,15923.4,15958.35,15962.25,15882.6,276300000
15-07-2021,15924.2,15872.15,15952.35,15855,284850000
14-07-2021,15853.95,15808.7,15877.35,15764.2,239920000
13-07-2021,15812.35,15794,15820.8,15744.6,246680000
12-07-2021,15692.6,15766.8,15789.2,15644.75,216270000
09-07-2021,15689.8,15688.25,15730.85,15632.75,243250000
08-07-2021,15727.9,15855.4,15885.75,15682.9,307930000
07-07-2021,15879.65,15819.6,15893.55,15779.7,329310000
06-07-2021,15818.25,15813.75,15914.2,15801,391410000
05-07-2021,15834.35,15793.4,15845.95,15762.05,207030000
02-07-2021,15722.2,15705.85,15738.35,15635.95,254810000
01-07-2021,15680,15755.05,15755.55,15667.05,224920000
30-06-2021,15721.5,15776.9,15839.1,15708.75,262390000
29-06-2021,15748.45,15807.5,15835.9,15724.05,360330000
28-06-2021,15814.7,15915.35,15915.65,15792.15,255100000
25-06-2021,15860.35,15839.35,15870.8,15772.3,314610000
24-06-2021,15790.45,15737.3,15821.4,15702.7,316660000
23-06-2021,15686.95,15862.8,15862.95,15673.95,287540000
22-06-2021,15772.75,15840.5,15895.75,15752.1,322240000
21-06-2021,15746.5,15525.85,15765.15,15505.65,351530000
18-06-2021,15683.35,15756.5,15761.5,15450.9,640820000
17-06-2021,15691.4,15648.3,15769.35,15616.75,357650000
16-06-2021,15767.55,15847.5,15880.85,15742.6,340190000
15-06-2021,15869.25,15866.95,15901.6,15842.4,323260000
14-06-2021,15811.85,15791.4,15823.05,15606.5,392860000
11-06-2021,15799.35,15796.45,15835.55,15749.8,363010000
10-06-2021,15737.75,15692.1,15751.25,15648.5,298300000
09-06-2021,15635.35,15766.3,15800.45,15566.9,457860000
08-06-2021,15740.1,15773.9,15778.8,15680,378160000
07-06-2021,15751.65,15725.1,15773.45,15678.1,393970000
04-06-2021,15670.25,15712.5,15733.6,15622.35,414160000
03-06-2021,15690.35,15655.55,15705.1,15611,410240000
02-06-2021,15576.2,15520.35,15597.45,15459.85,428640000
01-06-2021,15574.85,15629.65,15660.75,15528.3,409560000
31-05-2021,15582.8,15437.75,15606.35,15374,436000000
28-05-2021,15435.65,15421.2,15469.65,15394.75,455580000
27-05-2021,15337.85,15323.95,15384.55,15272.5,682370000
26-05-2021,15301.45,15257.05,15319.9,15194.95,377680000
25-05-2021,15208.45,15291.75,15293.85,15163.4,417320000
24-05-2021,15197.7,15211.35,15256.25,15145.45,566720000
21-05-2021,15175.3,14987.8,15190,14985.85,557730000
20-05-2021,14906.05,15042.6,15069.8,14884.9,467460000
19-05-2021,15030.15,15058.6,15133.4,15008.85,563290000
18-05-2021,15108.1,15067.2,15137.25,15043.7,571920000
17-05-2021,14923.15,14756.25,14938,14725.35,534520000
14-05-2021,14677.8,14749.4,14749.65,14591.9,602740000
12-05-2021,14696.5,14823.55,14824.05,14649.7,620320000
11-05-2021,14850.75,14789.7,14900,14771.4,616200000
10-05-2021,14942.35,14928.25,14966.9,14892.5,510600000
07-05-2021,14823.15,14816.85,14863.05,14765.5,483680000
06-05-2021,14724.8,14668.35,14743.9,14611.5,445280000
05-05-2021,14617.85,14604.15,14637.9,14506.6,437260000
04-05-2021,14496.5,14687.25,14723.4,14461.5,479660000
03-05-2021,14634.15,14481.05,14673.85,14416.25,443410000
30-04-2021,14631.1,14747.35,14855.45,14601.7,594740000
29-04-2021,14894.9,14979,15044.35,14814.45,511470000
28-04-2021,14864.55,14710.5,14890.25,14694.95,453990000
27-04-2021,14653.05,14493.8,14667.55,14484.85,442210000
26-04-2021,14485,14449.45,14557.5,14421.3,448530000
23-04-2021,14341.35,14326.35,14461.15,14273.3,476610000
22-04-2021,14406.15,14219.15,14424.75,14151.4,516990000
20-04-2021,14296.4,14526.7,14526.95,14207.3,456700000
19-04-2021,14359.45,14306.6,14382.3,14191.4,503140000
16-04-2021,14617.85,14599.6,14697.7,14559,568570000
15-04-2021,14581.45,14522.4,14597.55,14353.2,556850000
13-04-2021,14504.8,14364.9,14528.9,14274.9,588670000
12-04-2021,14310.8,14644.65,14652.5,14248.7,638480000
09-04-2021,14834.85,14882.65,14918.45,14785.65,498350000
08-04-2021,14873.8,14875.65,14984.15,14821.1,503730000
07-04-2021,14819.05,14716.45,14879.8,14649.85,476380000
06-04-2021,14683.5,14737,14779.1,14573.9,474210000
05-04-2021,14637.8,14837.7,14849.85,14459.5,500480000
01-04-2021,14867.35,14798.4,14883.2,14692.45,430030000
31-03-2021,14690.7,14811.85,14813.75,14670.25,436870000
30-03-2021,14845.1,14628.5,14876.3,14617.6,594520000
26-03-2021,14507.3,14506.3,14572.9,14414.25,481000000
25-03-2021,14324.9,14570.9,14575.6,14264.4,606820000
24-03-2021,14549.4,14712.45,14752.35,14535,456400000
23-03-2021,14814.75,14768.55,14878.6,14707,474150000
22-03-2021,14736.4,14736.3,14763.9,14597.85,459000000
19-03-2021,14744,14471.15,14788.25,14350.1,919180000
18-03-2021,14557.85,14855.5,14875.2,14478.6,542220000
17-03-2021,14721.3,14946.55,14956.55,14696.05,479350000
16-03-2021,14910.45,14996.1,15051.6,14890.65,437650000
15-03-2021,14929.5,15048.4,15048.4,14745.85,467470000
12-03-2021,15030.95,15321.15,15336.3,14953.6,493240000
10-03-2021,15174.8,15202.15,15218.45,15100.85,404590000
09-03-2021,15098.4,15049.9,15126.85,14925.45,675270000
08-03-2021,14956.2,15002.45,15111.15,14919.9,580310000
05-03-2021,14938.1,14977.95,15092.35,14862.1,640700000
04-03-2021,15080.75,15026.75,15202.35,14980.2,534850000
03-03-2021,15245.6,15064.4,15273.15,14995.8,544210000
02-03-2021,14919.1,14865.3,14959.1,14760.8,621720000
01-03-2021,14761.55,14702.5,14806.8,14638.55,507300000
26-02-2021,14529.15,14888.6,14919.45,14467.75,1100000000
25-02-2021,15097.35,15079.85,15176.5,15065.35,803880000
24-02-2021,14982,14729.15,15008.8,14723.05,403750000
23-02-2021,14707.8,14782.25,14854.5,14651.85,744090000
22-02-2021,14675.7,14999.05,15010.1,14635.05,609900000
19-02-2021,14981.75,15074.8,15144.05,14898.2,712210000
18-02-2021,15118.95,15238.7,15250.75,15078.05,770630000
17-02-2021,15208.9,15279.9,15314.3,15170.75,504770000
16-02-2021,15313.45,15371.45,15431.75,15242.2,648550000
15-02-2021,15314.7,15270.3,15340.15,15243.4,455960000
12-02-2021,15163.3,15186.2,15243.5,15081,571810000
11-02-2021,15173.3,15073.25,15188.5,15065.4,500120000
10-02-2021,15106.5,15119.05,15168.25,14977.2,624790000
09-02-2021,15109.3,15164.15,15257.1,15064.3,713280000
08-02-2021,15115.8,15064.3,15159.9,15041.05,671240000
05-02-2021,14924.25,14952.6,15014.65,14864.75,935630000
04-02-2021,14895.65,14789.05,14913.7,14714.75,884690000
03-02-2021,14789.95,14754.9,14868.85,14574.15,869480000
02-02-2021,14647.85,14481.1,14731.7,14469.15,914970000
01-02-2021,14281.2,13758.6,14336.35,13661.75,870530000
29-01-2021,13634.6,13946.6,13966.85,13596.75,753210000
28-01-2021,13817.55,13810.4,13898.25,13713.25,637870000
27-01-2021,13967.5,14237.95,14237.95,13929.3,660710000
25-01-2021,14238.9,14477.8,14491.1,14218.6,618630000
22-01-2021,14371.9,14583.4,14619.9,14357.75,776750000
21-01-2021,14590.35,14730.95,14753.55,14517.25,704650000
20-01-2021,14644.7,14538.3,14666.45,14517.55,623070000
19-01-2021,14521.15,14371.65,14546.05,14350.85,546110000
18-01-2021,14281.3,14453.3,14459.15,14222.8,762040000
15-01-2021,14433.7,14594.35,14617.45,14357.85,789560000
14-01-2021,14595.6,14550.05,14617.8,14471.5,620200000
13-01-2021,14564.85,14639.8,14653.35,14435.7,873960000
12-01-2021,14563.45,14473.8,14590.65,14432.85,929570000
11-01-2021,14484.75,14474.05,14498.2,14383.1,672880000
08-01-2021,14347.25,14258.4,14367.3,14221.65,613470000
07-01-2021,14137.35,14253.75,14256.25,14123.1,559170000
06-01-2021,14146.25,14240.95,14244.15,14039.9,632320000
05-01-2021,14199.5,14075.15,14215.6,14048.15,492480000
04-01-2021,14132.9,14104.35,14147.95,13953.75,495000000
01-01-2021,14018.5,13996.1,14049.85,13991.35,258090000
31-12-2020,13981.75,13970,14024.85,13936.45,452410000
30-12-2020,13981.95,13980.9,13997,13864.95,380680000
29-12-2020,13932.6,13910.35,13967.6,13859.9,439590000
28-12-2020,13873.2,13815.15,13885.3,13811.55,403630000
24-12-2020,13749.25,13672.15,13771.75,13626.9,471370000
23-12-2020,13601.1,13473.5,13619.45,13432.2,458650000
22-12-2020,13466.3,13373.65,13492.05,13192.9,696200000
21-12-2020,13328.4,13741.9,13777.5,13131.45,687250000
18-12-2020,13760.55,13764.4,13772.85,13658.6,519390000
17-12-2020,13740.7,13713.55,13773.25,13673.55,416010000
16-12-2020,13682.7,13663.1,13692.35,13606.45,462150000
15-12-2020,13567.85,13547.2,13589.65,13447.05,497600000
14-12-2020,13558.15,13571.45,13597.5,13472.45,558390000
11-12-2020,13513.85,13512.3,13579.35,13402.85,787710000
10-12-2020,13478.3,13488.5,13503.55,13399.3,553400000
09-12-2020,13529.1,13458.1,13548.9,13449.6,502600000
08-12-2020,13392.95,13393.85,13435.45,13311.05,543160000
07-12-2020,13355.75,13264.85,13366.65,13241.95,591720000
04-12-2020,13258.55,13177.4,13280.05,13152.85,640510000
03-12-2020,13133.9,13215.3,13216.6,13107.9,713690000
02-12-2020,13113.75,13121.4,13128.5,12983.55,717710000
01-12-2020,13109.05,13062.2,13128.4,12962.8,583630000
27-11-2020,12968.95,13012.05,13035.3,12914.3,1160000000
26-11-2020,12987,12906.45,13018,12790.4,549800000
25-11-2020,12858.4,13130,13145.85,12833.65,679010000
24-11-2020,13055.15,13002.6,13079.1,12978,571870000
23-11-2020,12926.45,12960.3,12968.85,12825.7,633120000
20-11-2020,12859.05,12813.4,12892.45,12730.25,664000000
19-11-2020,12771.7,12839.5,12963,12745.75,768750000
18-11-2020,12938.25,12860.1,12948.85,12819.35,731320000
17-11-2020,12874.2,12932.5,12934.05,12797.1,707680000
14-11-2020,12780.25,12823.35,12828.7,12749.45,107870000
13-11-2020,12719.95,12659.7,12735.95,12607.7,513950000
12-11-2020,12690.8,12702.15,12741.15,12624.85,622020000
11-11-2020,12749.15,12680.6,12769.75,12571.1,880480000
10-11-2020,12631.1,12556.4,12643.9,12475.25,847450000
09-11-2020,12461.05,12399.4,12474.05,12367.35,553450000
06-11-2020,12263.55,12156.65,12280.4,12131.85,576840000
05-11-2020,12120.3,12062.4,12131.1,12027.6,632450000
04-11-2020,11908.5,11783.35,11929.65,11756.4,667290000
03-11-2020,11813.5,11734.45,11836.2,11723.3,674300000
02-11-2020,11669.15,11697.35,11725.65,11557.4,568430000
30-10-2020,11642.4,11678.45,11748.95,11535.45,553670000
29-10-2020,11670.8,11633.3,11744.15,11606.45,554960000
28-10-2020,11729.6,11922.6,11929.4,11684.85,704020000
27-10-2020,11889.4,11807.1,11899.05,11723,616320000
26-10-2020,11767.75,11937.4,11942.85,11711.7,519820000
23-10-2020,11930.35,11957.9,11974.55,11908.75,502340000
22-10-2020,11896.45,11890,11939.55,11823.45,544900000
21-10-2020,11937.65,11958.55,12018.65,11775.75,623660000
20-10-2020,11896.8,11861,11949.25,11837.25,453560000
19-10-2020,11873.05,11879.2,11898.25,11820.4,541420000
16-10-2020,11762.45,11727.4,11789.75,11667.85,555760000
15-10-2020,11680.35,12023.45,12025.45,11661.3,608870000
14-10-2020,11971.05,11917.4,11997.2,11822.15,569240000
13-10-2020,11934.5,11934.65,11988.2,11888.9,458300000
12-10-2020,11930.95,11973.55,12022.05,11867.2,522630000
09-10-2020,11914.2,11852.05,11938.6,11805.2,611080000
08-10-2020,11834.6,11835.4,11905.7,11791.15,608770000
07-10-2020,11738.85,11679.25,11763.05,11629.35,513370000
06-10-2020,11662.4,11603.45,11680.3,11564.3,561440000
05-10-2020,11503.35,11487.8,11578.05,11452.3,530600000
01-10-2020,11416.95,11364.45,11428.6,11347.05,447740000
30-09-2020,11247.55,11244.45,11295.4,11184.55,499340000
29-09-2020,11222.4,11288.6,11305.4,11181,498300000
28-09-2020,11227.55,11140.85,11239.35,11099.85,472780000
25-09-2020,11050.25,10910.4,11072.6,10854.85,559600000
24-09-2020,10805.55,11011,11015.3,10790.2,706140000
23-09-2020,11131.85,11258.75,11259.55,11024.4,714930000
22-09-2020,11153.65,11301.75,11302.2,11084.65,672250000
21-09-2020,11250.55,11503.8,11535.25,11218.5,602850000
18-09-2020,11504.95,11584.1,11584.1,11446.1,764150000
17-09-2020,11516.1,11539.4,11587.2,11498.5,517730000
16-09-2020,11604.55,11538.45,11618.1,11516.75,527800000
15-09-2020,11521.8,11487.2,11535.95,11442.25,506670000
14-09-2020,11440.05,11540.15,11568.9,11383.55,642270000
11-09-2020,11464.45,11447.8,11493.5,11419.9,554790000
10-09-2020,11449.25,11363.3,11464.05,11327.4,679420000
09-09-2020,11278,11218.6,11298.15,11185.15,728880000
08-09-2020,11317.35,11378.55,11437.25,11290.45,572240000
07-09-2020,11355.05,11359.6,11381.15,11251.7,560320000
04-09-2020,11333.85,11354.4,11452.05,11303.65,681340000
03-09-2020,11527.45,11566.2,11584.95,11507.65,607120000
02-09-2020,11535,11478.55,11554.75,11430.4,593490000
01-09-2020,11470.25,11464.3,11553.55,11366.9,783770000
31-08-2020,11387.5,11777.55,11794.25,11325.85,1370000000
28-08-2020,11647.6,11602.95,11686.05,11589.4,807000000
27-08-2020,11559.25,11609.3,11617.35,11540.6,719780000
26-08-2020,11549.6,11512.85,11561.75,11461.85,743440000
25-08-2020,11472.25,11513.1,11525.9,11423.35,638150000
24-08-2020,11466.45,11412,11497.25,11410.65,532900000
21-08-2020,11371.6,11409.65,11418.5,11362.2,668720000
20-08-2020,11312.2,11317.45,11361.45,11289.8,791590000
19-08-2020,11408.4,11452.15,11460.35,11394.1,626220000
18-08-2020,11385.35,11259.8,11401.7,11253.15,579240000
17-08-2020,11247.1,11248.9,11267.1,11144.5,633960000
14-08-2020,11178.4,11353.3,11366.25,11111.45,645110000
13-08-2020,11300.45,11334.85,11359.3,11269.95,562360000
12-08-2020,11308.4,11289,11322,11242.65,609860000
11-08-2020,11322.5,11322.25,11373.6,11299.15,586080000
10-08-2020,11270.15,11270.25,11337.3,11238,492000000
07-08-2020,11214.05,11186.65,11231.9,11142.05,452630000
06-08-2020,11200.15,11185.7,11256.8,11127.3,600370000
05-08-2020,11101.65,11155.75,11225.65,11064.05,667640000
04-08-2020,11095.25,10946.65,11112.25,10908.1,625740000
03-08-2020,10891.6,11057.55,11058.05,10882.25,680930000
31-07-2020,11073.45,11139.5,11150.4,11026.65,642560000
30-07-2020,11102.15,11254.3,11299.95,11084.95,677760000
29-07-2020,11202.85,11276.9,11341.4,11149.75,600730000
28-07-2020,11300.55,11154.1,11317.75,11151.4,683890000
27-07-2020,11131.8,11225,11225,11087.85,588150000
24-07-2020,11194.15,11149.95,11225.4,11090.3,678930000
23-07-2020,11215.45,11135,11239.8,11103.15,621570000
22-07-2020,11132.6,11231.2,11238.1,11056.55,765070000
21-07-2020,11162.25,11126.1,11179.55,11113.25,772000000
20-07-2020,11022.2,10999.45,11037.9,10953,554310000
17-07-2020,10901.7,10752,10933.45,10749.65,676880000
16-07-2020,10739.95,10706.2,10755.3,10595.2,694400000
15-07-2020,10618.2,10701,10827.45,10577.75,715900000
14-07-2020,10607.35,10750.85,10755.65,10562.9,532370000
13-07-2020,10802.7,10851.85,10894.05,10756.05,554050000
10-07-2020,10768.05,10764.1,10819.4,10713,590710000
09-07-2020,10813.45,10755.55,10836.85,10733,618650000
08-07-2020,10705.75,10818.65,10847.85,10676.55,767940000
07-07-2020,10799.65,10802.85,10813.8,10689.7,636760000
06-07-2020,10763.65,10723.85,10811.4,10695.1,571210000
03-07-2020,10607.35,10614.95,10631.3,10562.65,525190000
02-07-2020,10551.7,10493.05,10598.2,10485.55,597420000
01-07-2020,10430.05,10323.8,10447.05,10299.6,573550000
30-06-2020,10302.1,10382.6,10401.05,10267.35,556240000
29-06-2020,10312.4,10311.95,10337.95,10223.6,574540000
26-06-2020,10383,10378.9,10409.85,10311.25,671910000
25-06-2020,10288.9,10235.55,10361.8,10194.5,994190000
24-06-2020,10305.3,10529.25,10553.15,10281.95,854800000
23-06-2020,10471,10347.95,10484.7,10301.75,669200000
22-06-2020,10311.2,10318.75,10393.65,10277.6,685390000
19-06-2020,10244.4,10119,10272.4,10072.65,892100000
18-06-2020,10091.65,9863.25,10111.2,9845.05,622900000
17-06-2020,9881.15,9876.7,10003.6,9833.8,685420000
16-06-2020,9914,10014.8,10046.15,9728.5,899890000
15-06-2020,9813.7,9919.35,9943.35,9726.35,716050000
12-06-2020,9972.9,9544.95,9996.05,9544.35,796310000
11-06-2020,9902,10094.1,10112.05,9885.05,715450000
10-06-2020,10116.15,10072.6,10148.75,10036.85,632380000
09-06-2020,10046.65,10181.15,10291.15,10021.45,754220000
08-06-2020,10167.45,10326.75,10328.5,10120.25,936490000
05-06-2020,10142.15,10093.8,10177.8,10040.75,987120000
04-06-2020,10029.1,10054.25,10123.85,9944.25,775110000
03-06-2020,10061.55,10108.3,10176.2,10035.55,794660000
02-06-2020,9979.1,9880.85,9995.6,9824.05,770190000
01-06-2020,9826.15,9726.85,9931.6,9706.95,794180000
29-05-2020,9580.3,9422.2,9598.85,9376.9,967000000
28-05-2020,9490.1,9364.95,9511.25,9336.5,837910000
27-05-2020,9314.95,9082.2,9334,9004.25,763490000
26-05-2020,9029.05,9099.75,9161.65,8996.65,654960000
22-05-2020,9039.25,9067.9,9149.6,8968.55,675760000
21-05-2020,9106.25,9079.45,9178.55,9056.1,631540000
20-05-2020,9066.55,8889.15,9093.8,8875.35,622310000
19-05-2020,8879.1,8961.7,9030.35,8855.3,762150000
18-05-2020,8823.25,9158.3,9158.3,8806.75,772980000
15-05-2020,9136.85,9182.4,9182.4,9050,575860000
14-05-2020,9142.75,9213.95,9281.1,9119.75,602560000
13-05-2020,9383.55,9584.2,9584.5,9351.1,846400000
12-05-2020,9196.55,9168.85,9240.85,9043.95,805460000
11-05-2020,9239.2,9348.15,9439.9,9219.95,704650000
08-05-2020,9251.5,9376.95,9382.65,9238.2,609050000
07-05-2020,9199.05,9234.05,9277.85,9175.9,708740000
06-05-2020,9270.9,9226.8,9346.9,9116.5,722190000
05-05-2020,9205.6,9429.4,9450.9,9190.75,725200000
04-05-2020,9293.5,9533.5,9533.5,9266.95,687490000
30-04-2020,9859.9,9753.5,9889.05,9731.5,931170000
29-04-2020,9553.35,9408.6,9599.85,9392.35,653030000
28-04-2020,9380.9,9389.8,9404.4,9260,614550000
27-04-2020,9282.3,9259.7,9377.1,9250.35,512790000
24-04-2020,9154.4,9163.9,9296.9,9141.3,659440000
23-04-2020,9313.9,9232.35,9343.6,9170.15,666650000
22-04-2020,9187.3,9026.75,9209.75,8946.25,734380000
21-04-2020,8981.45,9016.95,9044.4,8909.4,655120000
20-04-2020,9261.85,9390.2,9390.85,9230.8,726360000
17-04-2020,9266.75,9323.45,9324,9091.35,684200000
16-04-2020,8992.8,8851.25,9053.75,8821.9,719440000
15-04-2020,8925.3,9196.4,9261.2,8874.1,879150000
13-04-2020,8993.85,9103.95,9112.05,8912.4,643970000
09-04-2020,9111.9,8973.05,9128.35,8904.55,742140000
08-04-2020,8748.75,8688.9,9131.7,8653.9,896520000
07-04-2020,8792.2,8446.3,8819.4,8360.95,814180000
03-04-2020,8083.8,8356.55,8356.55,8055.8,697030000
01-04-2020,8253.8,8584.1,8588.1,8198.35,506340000
31-03-2020,8597.75,8529.35,8678.3,8358,712660000
30-03-2020,8281.1,8385.95,8576,8244,593250000
27-03-2020,8660.25,8949.1,9038.9,8522.9,801450000
26-03-2020,8641.45,8451,8749.05,8304.9,865590000
25-03-2020,8317.85,7735.15,8376.75,7714.75,736870000
24-03-2020,7801.05,7848.3,8036.95,7511.1,738430000
23-03-2020,7610.25,7945.7,8159.25,7583.6,653540000
20-03-2020,8745.45,8284.45,8883,8178.2,1070000000
19-03-2020,8263.45,8063.3,8575.45,7832.55,925720000
18-03-2020,8468.8,9088.45,9127.55,8407.05,1520000000
17-03-2020,8967.05,9285.4,9403.8,8915.6,935620000
16-03-2020,9197.4,9587.8,9602.2,9165.1,897730000
13-03-2020,9955.2,9107.6,10159.4,8555.15,1390000000
12-03-2020,9590.15,10039.95,10040.75,9508,1340000000
11-03-2020,10458.4,10334.3,10545.1,10334,1220000000
09-03-2020,10451.45,10742.05,10751.55,10294.45,1570000000
06-03-2020,10989.45,10942.65,11035.1,10827.4,1810000000
05-03-2020,11269,11306.05,11389.5,11244.6,1350000000
04-03-2020,11251,11351.35,11356.6,11082.15,797650000
03-03-2020,11303.3,11217.55,11342.25,11152.55,696520000
02-03-2020,11132.75,11387.35,11433,11036.25,680800000
28-02-2020,11201.75,11382,11384.8,11175.05,809900000
27-02-2020,11633.3,11661.25,11663.85,11536.7,608610000
26-02-2020,11678.5,11738.55,11783.25,11639.6,567630000
25-02-2020,11797.9,11877.5,11883.05,11779.9,461000000
24-02-2020,11829.4,12012.55,12012.55,11813.4,490800000
20-02-2020,12080.85,12119,12152,12071.45,502600000
19-02-2020,12125.9,12090.6,12134.7,12042.1,513570000
18-02-2020,11992.5,12028.25,12030.75,11908.05,676850000
17-02-2020,12045.8,12131.8,12159.6,12037,455190000
14-02-2020,12113.45,12190.15,12246.7,12091.2,622780000
13-02-2020,12174.65,12219.55,12225.65,12139.8,501190000
12-02-2020,12201.2,12151,12231.75,12144.3,411730000
11-02-2020,12107.9,12108.4,12172.3,12099,479980000
10-02-2020,12031.5,12102.35,12103.55,11990.75,524710000
07-02-2020,12098.35,12151.15,12154.7,12073.95,473480000
06-02-2020,12137.95,12120,12160.6,12084.65,565120000
05-02-2020,12089.15,12005.85,12098.15,11953.35,758030000
04-02-2020,11979.65,11786.25,11986.15,11783.4,560430000
03-02-2020,11707.9,11627.45,11749.85,11614.5,669820000
01-02-2020,11661.85,11939,12017.35,11633.3,537630000
31-01-2020,11962.1,12100.4,12103.55,11945.85,771280000
30-01-2020,12035.8,12147.75,12150.3,12010.6,538140000
29-01-2020,12129.5,12114.9,12169.6,12103.8,514360000
28-01-2020,12055.8,12148.1,12163.55,12024.5,478480000
27-01-2020,12119,12197.1,12216.6,12107,441160000
24-01-2020,12248.25,12174.55,12272.15,12149.65,593240000
23-01-2020,12180.35,12123.75,12189,12094.1,867650000
22-01-2020,12106.9,12218.35,12225.05,12087.9,526300000
21-01-2020,12169.85,12195.3,12230.05,12162.3,443980000
20-01-2020,12224.55,12430.5,12430.5,12216.9,491610000
17-01-2020,12352.35,12328.4,12385.45,12321.4,502060000
16-01-2020,12355.5,12347.1,12389.05,12315.8,395670000
15-01-2020,12343.3,12349.4,12355.15,12278.75,684350000
14-01-2020,12362.3,12333.1,12374.25,12308.7,616260000
13-01-2020,12329.55,12296.7,12337.75,12285.8,500970000
10-01-2020,12256.8,12271,12311.2,12213.2,660630000
09-01-2020,12215.9,12153.15,12224.05,12132.55,477470000
08-01-2020,12025.35,11939.1,12044.95,11929.6,445990000
07-01-2020,12052.95,12079.1,12152.15,12005.35,447820000
06-01-2020,11993.05,12170.6,12179.1,11974.2,396500000
03-01-2020,12226.65,12261.1,12265.6,12191.35,428770000
02-01-2020,12282.2,12198.55,12289.9,12195.25,407700000
01-01-2020,12182.5,12202.15,12222.2,12165.3,304080000
31-12-2019,12168.45,12247.1,12247.1,12151.8,426930000
30-12-2019,12255.85,12274.9,12286.45,12213.8,411080000
27-12-2019,12245.8,12172.9,12258.45,12157.9,383790000
26-12-2019,12126.55,12211.85,12221.55,12118.85,520330000
24-12-2019,12214.55,12269.25,12283.7,12202.1,470290000
23-12-2019,12262.75,12235.45,12287.15,12213.25,604780000
20-12-2019,12271.8,12266.45,12293.9,12252.75,810680000
19-12-2019,12259.7,12223.4,12268.35,12191.15,623050000
18-12-2019,12221.65,12197,12237.7,12163.45,518860000
17-12-2019,12165,12082.45,12182.75,12070.35,499590000
16-12-2019,12053.95,12131.35,12134.65,12046.3,437700000
13-12-2019,12086.7,12026.4,12098.85,12023.6,597710000
12-12-2019,11971.8,11944.3,12005.5,11934,752620000
11-12-2019,11910.15,11867.35,11923.2,11832.3,997650000
10-12-2019,11856.8,11950.5,11953.2,11844.7,650220000
09-12-2019,11937.5,11939.1,11981.95,11888.05,599120000
06-12-2019,11921.5,12047.35,12057.05,11888.85,609220000
05-12-2019,12018.4,12071.25,12081.2,11998.75,562230000
04-12-2019,12043.2,11969.95,12054.7,11935.3,747190000
03-12-2019,11994.2,12067.65,12068.6,11956.4,605790000
02-12-2019,12048.2,12137.05,12137.15,12023.7,720950000
29-11-2019,12056.05,12146.2,12147.4,12017.4,804430000
28-11-2019,12151.15,12132.1,12158.8,12099.95,620480000
27-11-2019,12100.7,12068.5,12114.9,12055.15,584230000
26-11-2019,12037.7,12110.2,12132.45,12006.35,1200000000
25-11-2019,12073.75,11922.45,12084.5,11919.75,534290000
22-11-2019,11914.4,11967.3,11968.1,11883.5,486820000
21-11-2019,11968.4,12025.65,12028.2,11956.9,557690000
20-11-2019,11999.1,12004.75,12038.6,11966.05,646660000
19-11-2019,11940.1,11919.45,11958.85,11881.75,613910000
18-11-2019,11884.5,11915.15,11946.2,11867.6,514350000
15-11-2019,11895.45,11904.2,11973.65,11879.25,580150000
14-11-2019,11872.1,11858.75,11895.65,11802.65,559490000
13-11-2019,11840.45,11908.3,11946.8,11823.2,659040000
11-11-2019,11913.45,11879.2,11932.65,11853.95,548980000
08-11-2019,11908.15,11987.15,12034.15,11888.75,789250000
07-11-2019,12012.05,12021.1,12021.4,11946.85,562960000
06-11-2019,11966.05,11911.5,12002.9,11850.25,603350000
05-11-2019,11917.2,11974.6,11978.95,11861.9,631950000
04-11-2019,11941.3,11928.9,11989.15,11905.35,823050000
01-11-2019,11890.6,11886.6,11918.3,11843.35,855340000
31-10-2019,11877.45,11890.45,11945,11855.1,1410000000
30-10-2019,11844.1,11883.9,11883.95,11784.45,725220000
29-10-2019,11786.85,11643.95,11809.4,11627.35,951720000
27-10-2019,11627.15,11662.25,11672.4,11604.6,161780000
25-10-2019,11583.9,11646.15,11646.9,11490.75,812030000
24-10-2019,11582.6,11661.65,11679.6,11534.65,700480000
23-10-2019,11604.1,11596.2,11651.6,11554.4,664160000
22-10-2019,11588.35,11657.15,11714.35,11573.65,867600000
18-10-2019,11661.85,11580.3,11684.7,11553.15,853440000
17-10-2019,11586.35,11466.3,11599.1,11439.65,797570000
16-10-2019,11464,11464.95,11481.05,11411.1,533470000
15-10-2019,11428.3,11360.85,11462.35,11342.1,527400000
14-10-2019,11341.15,11335.9,11420.45,11290.05,587580000
11-10-2019,11305.05,11257.7,11362.9,11189.4,737800000
10-10-2019,11234.55,11280.5,11293.35,11208.55,562020000
09-10-2019,11313.3,11152.95,11321.6,11090.15,741150000
07-10-2019,11126.4,11196.2,11233.85,11112.65,733200000
04-10-2019,11174.75,11388.45,11400.3,11158.35,928520000
03-10-2019,11314,11322.25,11370.4,11257.35,1020000000
01-10-2019,11359.9,11515.4,11554.2,11247.9,1310000000
30-09-2019,11474.45,11491.15,11508.25,11390.8,756850000
27-09-2019,11512.4,11556.35,11593.6,11499.75,650020000
26-09-2019,11571.2,11469.85,11610.85,11466.35,844470000
25-09-2019,11440.2,11564.85,11564.95,11416.1,629050000
24-09-2019,11588.2,11590.7,11655.05,11539.2,651720000
23-09-2019,11600.2,11542.7,11694.85,11471.35,882830000
20-09-2019,11274.2,10746.8,11381.9,10691,1360000000
19-09-2019,10704.8,10845.2,10845.2,10670.25,642600000
18-09-2019,10840.65,10872.8,10885.15,10804.85,519160000
17-09-2019,10817.6,11000.1,11000.1,10796.5,482010000
16-09-2019,11003.5,10994.85,11052.7,10968.2,434450000
13-09-2019,11075.9,10986.8,11084.45,10945.75,624310000
12-09-2019,10982.8,11058.3,11081.75,10964.95,551440000
11-09-2019,11035.7,11028.5,11054.8,11011.65,687140000
09-09-2019,11003.05,10936.7,11028.85,10889.8,412470000
06-09-2019,10946.2,10883.8,10957.05,10867.45,497210000
05-09-2019,10847.9,10860.95,10920.1,10816,595700000
04-09-2019,10844.65,10790.4,10858.75,10746.35,508780000
03-09-2019,10797.9,10960.95,10967.5,10772.7,483040000
30-08-2019,11023.25,10987.8,11042.6,10874.8,628150000
29-08-2019,10948.3,10996.05,11021.1,10922.4,649880000
28-08-2019,11046.1,11101.3,11129.65,10987.65,549960000
27-08-2019,11105.35,11106.55,11141.75,11049.5,685550000
26-08-2019,11057.85,11000.3,11070.3,10756.55,684140000
23-08-2019,10829.35,10699.6,10862.55,10637.15,667080000
22-08-2019,10741.35,10905.3,10908.25,10718.3,668190000
21-08-2019,10918.7,11018.15,11034.2,10906.65,557870000
20-08-2019,11017,11063.9,11076.3,10985.3,444720000
19-08-2019,11053.9,11094.8,11146.9,11037.85,369490000
16-08-2019,11047.8,11043.65,11068.65,10924.3,470910000
14-08-2019,11029.4,11003.25,11078.15,10935.6,511540000
13-08-2019,10925.85,11139.4,11145.9,10901.6,624640000
09-08-2019,11109.65,11087.9,11181.45,11062.8,538060000
08-08-2019,11032.45,10899.2,11058.05,10842.95,482470000
07-08-2019,10855.5,10958.1,10975.65,10835.9,548470000
06-08-2019,10948.25,10815.4,11018.55,10813.8,517890000
05-08-2019,10862.6,10895.8,10895.8,10782.6,506560000
02-08-2019,10997.35,10930.3,11080.15,10848.95,547420000
01-08-2019,10980,11060.2,11076.75,10881,499920000
31-07-2019,11118,11034.05,11145.3,10999.4,536690000
30-07-2019,11085.4,11213.7,11267.45,11072.65,479060000
29-07-2019,11189.2,11307.5,11310.95,11152.4,482860000
26-07-2019,11284.3,11247.45,11307.6,11210.05,522670000
25-07-2019,11252.15,11290.4,11361.4,11239.35,553680000
24-07-2019,11271.3,11322.45,11359.75,11229.8,413200000
23-07-2019,11331.05,11372.25,11398.15,11302.8,458930000
22-07-2019,11346.2,11392.85,11398.15,11301.25,516040000
19-07-2019,11419.25,11627.95,11640.35,11399.3,446050000
18-07-2019,11596.9,11675.6,11677.15,11582.4,498260000
17-07-2019,11687.5,11670.75,11706.65,11651.15,464830000
16-07-2019,11662.6,11596.65,11670.05,11573.95,480160000
15-07-2019,11588.35,11614.75,11618.4,11532.3,368790000
12-07-2019,11552.5,11601.15,11639.55,11538.6,359420000
11-07-2019,11582.9,11561.45,11599,11519.5,317260000
10-07-2019,11498.9,11536.15,11593.7,11475.65,337570000
09-07-2019,11555.9,11531.6,11582.55,11461,442520000
08-07-2019,11558.6,11770.4,11771.9,11523.3,464030000
05-07-2019,11811.15,11964.75,11981.75,11797.9,530720000
04-07-2019,11946.75,11928.8,11969.25,11923.65,333600000
03-07-2019,11916.75,11932.15,11945.2,11887.05,340530000
02-07-2019,11910.3,11890.3,11917.45,11814.7,363200000
01-07-2019,11865.6,11839.9,11884.65,11830.8,278420000
28-06-2019,11788.85,11861.15,11871.7,11775.5,303890000
27-06-2019,11841.55,11860.85,11911.15,11821.05,480170000
26-06-2019,11847.55,11768.15,11871.85,11757.55,327880000
25-06-2019,11796.45,11681,11814.4,11651,300480000
24-06-2019,11699.65,11725.8,11754,11670.2,277620000
21-06-2019,11724.1,11827.6,11827.95,11705.1,468430000
20-06-2019,11831.75,11653.65,11843.5,11635.05,442020000
19-06-2019,11691.45,11744.45,11802.5,11625.1,446930000
18-06-2019,11691.5,11677.05,11727.2,11641.15,365530000
17-06-2019,11672.15,11844,11844.05,11657.75,295530000
14-06-2019,11823.3,11910.1,11911.85,11797.7,390300000
13-06-2019,11914.05,11873.9,11931.35,11817.05,447900000
12-06-2019,11906.2,11962.45,11962.45,11866.35,283720000
11-06-2019,11965.6,11959.85,12000.35,11904.35,332180000
10-06-2019,11922.7,11934.9,11975.05,11871.75,303330000
07-06-2019,11870.65,11865.2,11897.5,11769.5,302460000
06-06-2019,11843.75,12039.8,12039.8,11830.25,415210000
04-06-2019,12021.65,12052.65,12095.2,12005.85,289220000
03-06-2019,12088.55,11953.75,12103.05,11920.1,315300000
31-05-2019,11922.8,11999.8,12039.25,11829.45,438880000
30-05-2019,11945.9,11865.3,11968.55,11859.4,421200000
29-05-2019,11861.1,11905.8,11931.9,11836.8,318070000
28-05-2019,11928.75,11958.35,11958.55,11864.9,598310000
27-05-2019,11924.75,11855.5,11957.15,11812.4,348360000
24-05-2019,11844.1,11748,11859,11658.1,374640000
23-05-2019,11657.05,11901.3,12041.15,11614.5,569030000
22-05-2019,11737.9,11727.95,11784.8,11682.4,355870000
21-05-2019,11709.1,11863.65,11883.55,11682.8,381040000
20-05-2019,11828.25,11651.9,11845.2,11591.7,452100000
17-05-2019,11407.15,11261.9,11426.15,11259.85,412110000
16-05-2019,11257.1,11180.35,11281.55,11143.35,350740000
15-05-2019,11157,11271.7,11286.8,11136.95,414170000
14-05-2019,11222.05,11151.65,11294.75,11108.3,398120000
13-05-2019,11148.2,11258.7,11300.2,11125.6,357590000
10-05-2019,11278.9,11314.15,11345.8,11251.05,387320000
09-05-2019,11301.8,11322.4,11357.6,11255.05,373030000
08-05-2019,11359.45,11478.7,11479.1,11346.95,372830000
07-05-2019,11497.9,11651.5,11657.05,11484.45,337500000
06-05-2019,11598.25,11605.8,11632.55,11571.35,299050000
03-05-2019,11712.25,11722.6,11770.9,11699.35,305520000
02-05-2019,11724.75,11725.55,11789.3,11699.55,380280000
30-04-2019,11748.15,11748.75,11756.25,11655.9,532630000
26-04-2019,11754.65,11683.75,11762.9,11661.75,333480000
25-04-2019,11641.8,11735.7,11796.75,11624.3,604360000
24-04-2019,11726.15,11601.5,11740.85,11578.85,335200000
23-04-2019,11575.95,11612.95,11645.95,11564.8,272540000
22-04-2019,11594.45,11727.05,11727.05,11583.95,260360000
18-04-2019,11752.8,11856.15,11856.15,11738.5,339650000
16-04-2019,11787.15,11736.2,11810.95,11731.55,354320000
15-04-2019,11690.35,11667,11704.6,11648.25,290000000
12-04-2019,11643.45,11612.85,11657.35,11578.8,246010000
11-04-2019,11596.7,11592.55,11606.7,11550.55,279780000
10-04-2019,11584.3,11646.85,11680.05,11571.75,359940000
09-04-2019,11671.95,11612.05,11683.9,11569.7,300470000
08-04-2019,11604.5,11704.35,11710.3,11549.1,260930000
05-04-2019,11665.95,11638.4,11689.65,11609.5,266670000
04-04-2019,11598,11660.2,11662.55,11559.2,349030000
03-04-2019,11643.95,11735.3,11761,11629.15,365760000
02-04-2019,11713.2,11711.55,11729.35,11655.85,386130000
01-04-2019,11669.15,11665.2,11738.1,11644.75,379570000
29-03-2019,11623.9,11625.45,11630.35,11570.15,416280000
28-03-2019,11570,11463.65,11588.5,11452.45,527680000
27-03-2019,11445.05,11531.45,11546.2,11413,350450000
26-03-2019,11483.25,11375.2,11496.75,11352.45,282580000
25-03-2019,11354.25,11395.65,11395.65,11311.6,294460000
22-03-2019,11456.9,11549.2,11572.8,11434.55,386190000
20-03-2019,11521.05,11553.35,11556.1,11503.1,366300000
19-03-2019,11532.4,11500.3,11543.85,11451.25,326100000
18-03-2019,11462.2,11473.85,11530.15,11412.5,320250000
15-03-2019,11426.85,11376.85,11487,11370.8,463700000
14-03-2019,11343.25,11382.5,11383.45,11313.75,294480000
13-03-2019,11341.7,11326.2,11352.3,11276.6,383000000
12-03-2019,11301.2,11231.35,11320.4,11227,391310000
11-03-2019,11168.05,11068.75,11180.9,11059.85,352240000
08-03-2019,11035.4,11038.85,11049,11008.95,326570000
07-03-2019,11058.2,11077.95,11089.05,11027.1,321210000
06-03-2019,11053,11024.85,11062.3,10998.85,372550000
05-03-2019,10987.45,10864.85,10994.9,10817,373220000
01-03-2019,10863.5,10842.65,10877.9,10823.1,308530000
28-02-2019,10792.5,10865.7,10865.7,10784.85,644160000
27-02-2019,10806.65,10881.2,10939.7,10751.2,381080000
26-02-2019,10835.3,10775.3,10888.75,10729.3,414950000
25-02-2019,10880.1,10813.25,10887.1,10788.05,385900000
22-02-2019,10791.65,10782.7,10801.55,10758.4,396850000
21-02-2019,10789.85,10744.1,10808.85,10721.5,279580000
20-02-2019,10735.45,10655.45,10752.7,10646.4,289200000
19-02-2019,10604.35,10636.7,10722.85,10585.65,291510000
18-02-2019,10640.95,10738.65,10759.9,10628.4,345440000
15-02-2019,10724.4,10780.25,10785.75,10620.4,521880000
14-02-2019,10746.05,10786.1,10792.7,10718.75,627040000
13-02-2019,10793.65,10870.55,10891.65,10772.1,321960000
12-02-2019,10831.4,10879.7,10910.9,10823.8,292320000
11-02-2019,10888.8,10930.9,10930.9,10857.1,285980000
08-02-2019,10943.6,11023.5,11041.2,10925.45,352790000
07-02-2019,11069.4,11070.45,11118.1,11043.6,263540000
06-02-2019,11062.45,10965.1,11072.6,10962.7,298510000
05-02-2019,10934.35,10908.65,10956.7,10886.7,268100000
04-02-2019,10912.25,10876.75,10927.9,10814.15,318300000
01-02-2019,10893.65,10851.35,10983.45,10813.45,482270000
31-01-2019,10830.95,10690.55,10838.05,10678.55,604820000
30-01-2019,10651.8,10702.25,10710.2,10612.85,410110000
29-01-2019,10652.2,10653.7,10690.35,10583.65,356910000
28-01-2019,10661.55,10792.45,10804.45,10630.95,419680000
25-01-2019,10780.55,10859.75,10931.7,10756.45,463440000
24-01-2019,10849.8,10844.05,10866.6,10798.65,361080000
23-01-2019,10831.5,10931.05,10944.8,10811.95,298880000
22-01-2019,10922.75,10949.8,10949.8,10864.15,300770000
21-01-2019,10961.85,10919.35,10987.45,10885.75,288830000
18-01-2019,10906.95,10914.85,10928.2,10852.2,323810000
17-01-2019,10905.2,10920.85,10930.65,10844.65,271680000
16-01-2019,10890.3,10899.65,10928.15,10876.9,276540000
15-01-2019,10886.8,10777.55,10896.95,10777.55,310740000
14-01-2019,10737.6,10807,10808,10692.35,298770000
11-01-2019,10794.95,10834.75,10850.15,10739.4,260790000
10-01-2019,10821.6,10859.35,10859.35,10801.8,254360000
09-01-2019,10855.15,10862.4,10870.4,10749.4,333010000
08-01-2019,10802.15,10786.25,10818.45,10733.25,277700000
07-01-2019,10771.8,10804.85,10835.95,10750.15,269370000
04-01-2019,10727.35,10699.7,10741.05,10628.65,296600000
03-01-2019,10672.25,10796.8,10814.05,10661.25,286240000
02-01-2019,10792.5,10868.85,10895.35,10735.05,309670000
01-01-2019,10910.1,10881.7,10923.6,10807.1,159400000
31-12-2018,10862.55,10913.2,10923.55,10853.2,186500000
28-12-2018,10859.9,10820.95,10893.6,10817.15,253090000
27-12-2018,10779.8,10817.9,10834.2,10764.45,470160000
26-12-2018,10729.85,10635.45,10747.5,10534.55,271940000
24-12-2018,10663.5,10780.9,10782.3,10649.25,230290000
21-12-2018,10754,10944.25,10963.65,10738.65,389240000
20-12-2018,10951.7,10885.2,10962.55,10880.05,328800000
19-12-2018,10967.3,10930.55,10985.15,10928,321800000
18-12-2018,10908.7,10850.9,10915.4,10819.1,294940000
17-12-2018,10888.35,10853.2,10900.35,10844.85,306150000
14-12-2018,10805.45,10784.5,10815.75,10752.1,350580000
13-12-2018,10791.55,10810.75,10838.6,10749.5,387810000
12-12-2018,10737.6,10591,10752.2,10560.8,371700000
11-12-2018,10549.15,10350.05,10567.15,10333.85,438700000
10-12-2018,10488.45,10508.7,10558.85,10474.95,393100000
07-12-2018,10693.7,10644.8,10704.55,10599.35,335850000
06-12-2018,10601.15,10718.15,10722.65,10588.25,328280000
05-12-2018,10782.9,10820.45,10821.05,10747.95,322020000
04-12-2018,10869.5,10877.1,10890.95,10833.35,332140000
03-12-2018,10883.75,10930.7,10941.2,10845.35,422360000
30-11-2018,10876.75,10892.1,10922.45,10835.1,467860000
29-11-2018,10858.7,10808.7,10883.05,10782.35,712650000
28-11-2018,10728.85,10708.75,10757.8,10699.85,437630000
27-11-2018,10685.6,10621.45,10695.15,10596.35,382830000
26-11-2018,10628.6,10568.3,10637.8,10489.75,332860000
22-11-2018,10526.75,10612.65,10646.25,10512,246930000
21-11-2018,10600.05,10670.95,10671.3,10562.35,310190000
20-11-2018,10656.2,10740.1,10740.85,10640.85,304320000
19-11-2018,10763.4,10731.25,10774.7,10688.8,280520000
16-11-2018,10682.2,10644,10695.15,10631.15,353380000
15-11-2018,10616.7,10580.6,10646.5,10557.5,306010000
14-11-2018,10576.3,10634.9,10651.6,10532.7,396370000
13-11-2018,10582.5,10451.9,10596.25,10440.55,262540000
12-11-2018,10482.2,10607.8,10645.5,10464.05,267710000
09-11-2018,10585.2,10614.7,10619.55,10544.85,305820000
07-11-2018,10598.85,10614.45,10616.45,10591.8,2830000
06-11-2018,10530,10552,10600.25,10491.45,309880000
05-11-2018,10524,10558.75,10558.8,10477,311180000
02-11-2018,10553,10462.3,10606.95,10457.7,434180000
01-11-2018,10380.45,10441.7,10441.9,10341.9,359340000
31-10-2018,10386.6,10209.55,10396,10105.1,386620000
30-10-2018,10198.4,10239.4,10285.1,10175.35,298750000
29-10-2018,10250.85,10078.1,10275.3,10020.35,375750000
26-10-2018,10030,10122.35,10128.85,10004.55,375560000
25-10-2018,10124.9,10135.05,10166.6,10079.3,522420000
24-10-2018,10224.75,10278.15,10290.65,10126.7,362270000
23-10-2018,10146.8,10152.6,10222.1,10102.35,312040000
22-10-2018,10245.25,10405.85,10408.55,10224,306470000
19-10-2018,10303.55,10339.7,10380.1,10249.6,368550000
17-10-2018,10453.05,10688.7,10710.15,10436.45,293590000
16-10-2018,10584.75,10550.15,10604.9,10525.3,273440000
15-10-2018,10512.5,10524.2,10526.3,10410.15,267520000
12-10-2018,10472.5,10331.55,10492.45,10322.15,354060000
11-10-2018,10234.65,10169.8,10335.95,10138.6,498510000
10-10-2018,10460.1,10331.85,10482.35,10318.25,373840000
09-10-2018,10301.05,10390.3,10397.6,10279.35,443800000
08-10-2018,10348.05,10310.15,10398.35,10198.4,470280000
05-10-2018,10316.45,10514.1,10540.65,10261.9,625150000
04-10-2018,10599.25,10754.7,10754.7,10547.25,438200000
03-10-2018,10858.25,10982.7,10989.05,10843.75,398760000
01-10-2018,11008.3,10930.9,11035.65,10821.55,398990000
28-09-2018,10930.45,11008.1,11034.1,10850.3,492890000
27-09-2018,10977.55,11079.8,11089.45,10953.35,418210000
26-09-2018,11053.8,11145.55,11145.55,10993.05,351040000
25-09-2018,11067.45,10969.95,11080.6,10882.85,417550000
24-09-2018,10967.4,11164.4,11170.15,10943.6,398820000
21-09-2018,11143.1,11271.3,11346.8,10866.45,741150000
19-09-2018,11234.35,11326.65,11332.05,11210.9,258420000
18-09-2018,11278.9,11381.55,11411.45,11268.95,248300000
17-09-2018,11377.75,11464.95,11464.95,11366.9,207620000
14-09-2018,11515.2,11443.5,11523.25,11430.55,285220000
12-09-2018,11369.9,11340.1,11380.75,11250.2,276510000
11-09-2018,11287.5,11476.85,11479.4,11274,318090000
10-09-2018,11438.1,11570.25,11573,11427.3,295600000
07-09-2018,11589.1,11558.25,11603,11484.4,305030000
06-09-2018,11536.9,11514.15,11562.25,11436.05,255560000
05-09-2018,11476.95,11514.85,11542.65,11393.85,253690000
04-09-2018,11520.3,11598.75,11602.55,11496.85,262700000
03-09-2018,11582.35,11751.8,11751.8,11567.4,241730000
31-08-2018,11680.5,11675.85,11727.65,11640.1,357230000
30-08-2018,11676.8,11694.75,11698.8,11639.7,323450000
29-08-2018,11691.9,11744.95,11753.2,11678.85,259350000
28-08-2018,11738.5,11731.95,11760.2,11710.5,249420000
27-08-2018,11691.95,11605.85,11700.95,11595.6,205690000
24-08-2018,11557.1,11566.6,11604.6,11532,225600000
23-08-2018,11582.75,11620.7,11620.7,11546.7,256160000
21-08-2018,11570.9,11576.2,11581.75,11539.6,231060000
20-08-2018,11551.75,11502.1,11565.3,11499.65,239840000
17-08-2018,11470.75,11437.15,11486.45,11431.8,241990000
16-08-2018,11385.05,11397.15,11449.85,11366.25,299610000
14-08-2018,11435.1,11381.7,11452.45,11370.8,239840000
13-08-2018,11355.75,11369.6,11406.3,11340.3,254470000
10-08-2018,11429.5,11474.95,11478.75,11419.65,336420000
09-08-2018,11470.7,11493.25,11495.2,11454.1,311520000
08-08-2018,11450,11412.5,11459.95,11379.3,217050000
07-08-2018,11389.45,11423.15,11428.95,11359.7,233410000
06-08-2018,11387.1,11401.5,11427.65,11370.6,210000000
03-08-2018,11360.8,11297.8,11368,11294.55,225150000
02-08-2018,11244.7,11328.9,11328.9,11234.95,216530000
01-08-2018,11346.2,11359.8,11390.55,11313.55,278010000
31-07-2018,11356.5,11311.05,11366,11267.75,264430000
30-07-2018,11319.55,11296.65,11328.1,11261.45,287440000
27-07-2018,11278.35,11232.75,11283.4,11210.25,324340000
26-07-2018,11167.3,11132.95,11185.85,11125.7,376660000
25-07-2018,11132,11148.4,11157.15,11113.25,212330000
24-07-2018,11134.3,11109,11143.4,11092.5,212250000
23-07-2018,11084.75,11019.85,11093.4,11010.95,236150000
20-07-2018,11010.2,10963.5,11030.25,10946.2,193140000
19-07-2018,10957.1,10999.5,11006.5,10935.45,222060000
18-07-2018,10980.45,11060.2,11076.2,10956.3,232500000
17-07-2018,11008.05,10939.65,11018.5,10925.6,217110000
16-07-2018,10936.85,11018.95,11019.5,10926.25,216970000
13-07-2018,11018.9,11056.9,11071.35,10999.75,241670000
12-07-2018,11023.2,11006.95,11078.3,10999.65,256040000
11-07-2018,10948.3,10956.4,10976.65,10923,229210000
10-07-2018,10947.25,10902.75,10956.9,10876.65,203060000
09-07-2018,10852.9,10838.3,10860.35,10807.15,189330000
06-07-2018,10772.65,10744.15,10816.35,10735.05,256550000
05-07-2018,10749.75,10786.05,10786.05,10726.25,227270000
04-07-2018,10769.9,10715,10777.15,10677.75,179270000
03-07-2018,10699.9,10668.6,10713.3,10630.25,208370000
02-07-2018,10657.3,10732.35,10736.15,10604.65,304540000
29-06-2018,10714.3,10612.85,10723.05,10612.35,250330000
28-06-2018,10589.1,10660.8,10674.2,10557.7,363160000
27-06-2018,10671.4,10785.5,10785.5,10652.4,253620000
26-06-2018,10769.15,10742.7,10805.25,10732.55,226850000
25-06-2018,10762.45,10822.9,10831.05,10753.05,236690000
22-06-2018,10821.85,10742.7,10837,10710.45,236900000
21-06-2018,10741.1,10808.45,10809.6,10725.9,230510000
20-06-2018,10772.05,10734.65,10781.8,10724.05,199470000
19-06-2018,10710.45,10789.45,10789.45,10701.2,231380000
18-06-2018,10799.85,10830.2,10830.2,10787.35,202730000
15-06-2018,10817.7,10808.65,10834,10755.4,314760000
14-06-2018,10808.05,10832.9,10833.7,10773.55,190030000
13-06-2018,10856.7,10887.5,10893.25,10842.65,220000000
12-06-2018,10842.85,10816.15,10856.55,10789.4,204420000
11-06-2018,10786.95,10781.85,10850.55,10777.05,217850000
08-06-2018,10767.65,10736.4,10779.45,10709.05,215940000
07-06-2018,10768.35,10722.6,10818,10722.6,227660000
06-06-2018,10684.65,10603.45,10698.35,10587.5,195760000
05-06-2018,10593.15,10630.7,10633.15,10550.9,172900000
04-06-2018,10628.5,10765.95,10770.3,10618.35,210150000
01-06-2018,10696.2,10738.45,10764.75,10681.5,227360000
31-05-2018,10736.15,10670.1,10763.8,10620.4,629200000
30-05-2018,10614.35,10579,10648.7,10558.45,246120000
29-05-2018,10633.3,10689.4,10717.25,10616.1,232760000
28-05-2018,10688.65,10648.35,10709.8,10640.55,239790000
25-05-2018,10605.15,10533.05,10628.05,10524,268920000
24-05-2018,10513.85,10464.85,10535.15,10419.8,306790000
23-05-2018,10430.35,10521.1,10533.55,10417.8,299920000
22-05-2018,10536.7,10518.45,10558.6,10490.55,249240000
21-05-2018,10516.7,10616.7,10621.7,10505.8,197290000
18-05-2018,10596.4,10671.85,10674.95,10589.1,229910000
17-05-2018,10682.7,10775.6,10777.25,10664.5,220740000
16-05-2018,10741.1,10751.95,10790.45,10699.7,238220000
15-05-2018,10801.85,10812.6,10929.2,10781.4,262200000
14-05-2018,10806.6,10815.15,10834.85,10774.75,176700000
11-05-2018,10806.5,10741.95,10812.05,10724.45,209390000
10-05-2018,10716.55,10779.65,10785.55,10705,197990000
09-05-2018,10741.7,10693.35,10766.25,10689.85,222120000
08-05-2018,10717.8,10757.9,10758.55,10689.4,278120000
07-05-2018,10715.5,10653.15,10725.65,10635.65,173620000
04-05-2018,10618.25,10700.45,10700.45,10601.6,192300000
03-05-2018,10679.65,10720.15,10720.6,10647.45,190870000
02-05-2018,10718.05,10783.85,10784.65,10689.8,236760000
30-04-2018,10739.35,10705.75,10759,10704.6,179160000
27-04-2018,10692.3,10651.65,10719.8,10647.55,306670000
26-04-2018,10617.8,10586.5,10628.4,10559.65,345540000
25-04-2018,10570.55,10612.4,10612.6,10536.45,195130000
24-04-2018,10614.35,10578.1,10636.8,10569,225970000
23-04-2018,10584.7,10592.8,10638.35,10514.95,200200000
20-04-2018,10564.05,10560.35,10582.35,10527.45,252230000
19-04-2018,10565.3,10563.65,10572.2,10546.2,270740000
18-04-2018,10526.2,10578.9,10594.2,10509.7,211820000
17-04-2018,10548.7,10557.3,10560.45,10495.65,212450000
16-04-2018,10528.35,10398.3,10540.15,10396.35,200950000
13-04-2018,10480.6,10495.3,10519.9,10451.45,219720000
12-04-2018,10458.65,10410.65,10469.9,10395.25,246030000
11-04-2018,10417.15,10428.15,10428.15,10355.6,258080000
10-04-2018,10402.25,10412.9,10424.85,10381.5,259520000
09-04-2018,10379.35,10333.7,10397.7,10328.5,228510000
06-04-2018,10331.6,10322.75,10350.45,10290.85,206360000
05-04-2018,10325.15,10228.45,10331.8,10227.45,244120000
04-04-2018,10128.4,10274.6,10279.85,10111.3,238180000
03-04-2018,10245,10186.85,10255.35,10171.05,211650000
02-04-2018,10211.8,10151.65,10220.1,10127.75,232430000
28-03-2018,10113.7,10143.6,10158.35,10096.9,354980000
27-03-2018,10184.15,10188,10207.9,10139.65,232710000
26-03-2018,10130.65,9989.15,10143.5,9958.55,270660000
23-03-2018,9998.05,9968.8,10027.7,9951.9,294520000
22-03-2018,10114.75,10167.5,10207.85,10105.4,237630000
21-03-2018,10155.25,10181.95,10227.3,10132.95,211060000
20-03-2018,10124.35,10051.55,10155.65,10049.1,209330000
19-03-2018,10094.25,10215.35,10224.55,10075.3,216670000
16-03-2018,10195.15,10345.15,10346.3,10180.25,338700000
15-03-2018,10360.15,10405.45,10420,10346.2,179310000
14-03-2018,10410.9,10393.05,10420.35,10336.3,186990000
13-03-2018,10426.85,10389.5,10478.6,10377.85,274850000
12-03-2018,10421.4,10301.6,10433.65,10295.45,223140000
09-03-2018,10226.85,10271.3,10296.7,10211.9,192330000
08-03-2018,10242.65,10216.25,10270.35,10146.4,233380000
07-03-2018,10154.2,10232.95,10243.35,10141.55,257200000
06-03-2018,10249.25,10420.5,10441.35,10215.9,229780000
05-03-2018,10358.85,10428.3,10428.7,10323.9,199980000
01-03-2018,10458.35,10479.95,10525.5,10447.15,181380000
28-02-2018,10492.85,10488.95,10535.5,10461.55,294790000
27-02-2018,10554.3,10615.2,10631.65,10537.25,193250000
26-02-2018,10582.6,10526.55,10592.95,10520.2,177240000
23-02-2018,10491.05,10408.1,10499.1,10396.65,217130000
22-02-2018,10382.7,10354.35,10397.55,10340.65,323260000
21-02-2018,10397.45,10426,10426.1,10349.6,241330000
20-02-2018,10360.4,10391,10429.35,10347.65,193460000
19-02-2018,10378.4,10488.9,10489.35,10302.75,193090000
16-02-2018,10452.3,10596.2,10612.9,10434.05,190040000
15-02-2018,10545.5,10537.9,10618.1,10511.05,217090000
14-02-2018,10500.9,10585.75,10590.55,10456.65,236330000
12-02-2018,10539.75,10518.2,10555.5,10485.4,224120000
09-02-2018,10454.95,10416.5,10480.2,10398.2,197500000
08-02-2018,10576.85,10518.5,10637.8,10479.55,239410000
07-02-2018,10476.7,10607.2,10614,10446.4,258100000
06-02-2018,10498.25,10295.15,10594.15,10276.3,274660000
05-02-2018,10666.55,10604.3,10702.75,10586.8,247480000
02-02-2018,10760.6,10938.2,10954.95,10736.1,291430000
01-02-2018,11016.9,11044.55,11117.35,10878.8,315740000
31-01-2018,11027.7,11018.8,11058.5,10979.3,253460000
30-01-2018,11049.65,11120.85,11121.1,11033.9,234970000
29-01-2018,11130.4,11079.35,11171.55,11075.95,249220000
25-01-2018,11069.65,11095.6,11095.6,11009.2,340470000
24-01-2018,11086,11069.35,11110.1,11046.15,292200000
23-01-2018,11083.7,10997.4,11092.9,10994.55,293450000
22-01-2018,10966.2,10883.2,10975.1,10881.4,238820000
19-01-2018,10894.7,10829.2,10906.85,10793.9,214010000
18-01-2018,10817,10873.4,10887.5,10782.4,321610000
17-01-2018,10788.55,10702.45,10803,10666.75,260490000
16-01-2018,10700.45,10761.5,10762.35,10687.85,217470000
15-01-2018,10741.55,10718.5,10782.65,10713.8,181260000
12-01-2018,10681.25,10682.55,10690.4,10597.1,180590000
11-01-2018,10651.2,10637.05,10664.6,10612.35,158630000
10-01-2018,10632.2,10652.05,10655.5,10592.7,181900000
09-01-2018,10637,10645.1,10659.15,10603.6,211290000
08-01-2018,10623.6,10591.7,10631.2,10588.55,174180000
05-01-2018,10558.85,10534.25,10566.1,10520.1,186470000
04-01-2018,10504.8,10469.4,10513,10441.45,180260000
03-01-2018,10443.2,10482.65,10503.6,10429.55,172520000
02-01-2018,10442.2,10477.55,10495.2,10404.65,158090000
01-01-2018,10435.55,10531.7,10537.85,10423.1,134530000
29-12-2017,10530.7,10492.35,10538.7,10488.65,156740000
28-12-2017,10477.9,10498.2,10534.55,10460.45,281310000
27-12-2017,10490.75,10531.05,10552.4,10469.25,170310000
26-12-2017,10531.5,10512.3,10545.45,10477.95,160420000
22-12-2017,10493,10457.3,10501.1,10448.25,143120000
21-12-2017,10440.3,10473.95,10473.95,10426.9,156650000
20-12-2017,10444.2,10494.4,10494.45,10437.15,180600000
19-12-2017,10463.2,10414.8,10472.2,10406,174300000
18-12-2017,10388.75,10263.1,10443.55,10074.8,237510000
15-12-2017,10333.25,10345.65,10373.1,10319.65,262980000
14-12-2017,10252.1,10229.3,10276.1,10141.55,159100000
13-12-2017,10192.95,10236.6,10296.55,10169.85,187190000
12-12-2017,10240.15,10324.9,10326.1,10230.2,180550000
11-12-2017,10322.25,10310.5,10329.2,10282.05,152040000
08-12-2017,10265.65,10198.45,10270.85,10195.25,206230000
07-12-2017,10166.7,10063.45,10182.65,10061.9,171340000
06-12-2017,10044.1,10088.8,10104.2,10033.35,171210000
05-12-2017,10118.25,10118.25,10147.95,10069.1,160250000
04-12-2017,10127.75,10175.05,10179.2,10095.7,153240000
01-12-2017,10121.8,10263.7,10272.7,10108.55,147770000
30-11-2017,10226.55,10332.7,10332.7,10211.25,353100000
29-11-2017,10361.3,10376.65,10392.95,10345.9,157190000
28-11-2017,10370.25,10387.9,10409.55,10355.2,202050000
27-11-2017,10399.55,10361.05,10407.15,10340.2,146280000
24-11-2017,10389.7,10366.8,10404.5,10362.25,133180000
23-11-2017,10348.75,10358.45,10374.3,10307.3,157650000
22-11-2017,10342.3,10350.8,10368.7,10309.55,162500000
21-11-2017,10326.9,10329.25,10358.7,10315.05,191860000
20-11-2017,10298.75,10287.2,10309.85,10261.5,151750000
17-11-2017,10283.6,10324.55,10343.6,10268.05,209590000
16-11-2017,10214.75,10152.9,10232.25,10139.2,188180000
15-11-2017,10118.05,10171.95,10175.45,10094,213840000
14-11-2017,10186.6,10223.4,10248,10175.55,314410000
13-11-2017,10224.95,10322,10334.15,10216.25,216800000
10-11-2017,10321.75,10304.35,10344.95,10254.1,287960000
09-11-2017,10308.95,10358.65,10368.45,10266.95,247610000
08-11-2017,10303.15,10361.95,10384.25,10285.5,282950000
07-11-2017,10350.15,10477.15,10485.75,10340.8,295830000
06-11-2017,10451.8,10431.75,10490.45,10413.75,199560000
03-11-2017,10452.5,10461.55,10461.7,10403.6,206100000
02-11-2017,10423.8,10440.5,10453,10412.55,207740000
01-11-2017,10440.5,10390.35,10451.65,10383.05,268270000
31-10-2017,10335.3,10364.9,10367.7,10323.95,239810000
30-10-2017,10363.65,10353.85,10384.5,10344.3,244190000
27-10-2017,10323.05,10362.3,10366.15,10311.3,322410000
26-10-2017,10343.8,10291.8,10355.65,10271.85,443040000
25-10-2017,10295.35,10321.15,10340.55,10240.9,612620000
24-10-2017,10207.7,10218.55,10237.75,10182.4,223910000
23-10-2017,10184.85,10176.65,10224.15,10124.5,224800000
19-10-2017,10146.55,10210.35,10211.95,10123.35,31090000
18-10-2017,10210.85,10209.4,10236.45,10175.75,262110000
17-10-2017,10234.45,10227.65,10251.85,10212.6,201780000
16-10-2017,10230.85,10207.4,10242.95,10175.1,209330000
13-10-2017,10167.45,10123.7,10191.9,10120.1,237230000
12-10-2017,10096.4,10011.2,10104.45,9977.1,207110000
11-10-2017,9984.8,10042.6,10067.25,9955.8,195590000
10-10-2017,10016.95,10013.7,10034,10002.3,153250000
09-10-2017,9988.75,9988.2,10015.75,9959.45,148400000
06-10-2017,9979.7,9908.15,9989.35,9906.6,201860000
05-10-2017,9888.7,9927,9945.95,9881.85,152360000
04-10-2017,9914.9,9884.35,9938.3,9850.65,160990000
03-10-2017,9859.5,9893.3,9895.4,9831.05,167830000
29-09-2017,9788.6,9814.3,9854,9775.35,202350000
28-09-2017,9768.95,9736.4,9789.2,9687.55,396880000
27-09-2017,9735.75,9920.6,9921.05,9714.4,206310000
26-09-2017,9871.5,9875.25,9891.35,9813,196790000
25-09-2017,9872.6,9960.1,9960.5,9816.05,228210000
22-09-2017,9964.4,10094.35,10095.05,9952.8,233620000
21-09-2017,10121.9,10139.6,10158.9,10058.6,197710000
20-09-2017,10141.15,10160.95,10171.05,10134.2,205600000
19-09-2017,10147.55,10175.6,10178.95,10129.95,193350000
18-09-2017,10153.1,10133.1,10171.7,10131.3,160850000
15-09-2017,10085.4,10062.35,10115.15,10043.65,274800000
14-09-2017,10086.6,10107.4,10126.5,10070.35,232640000
13-09-2017,10079.3,10099.25,10131.95,10063.15,221610000
12-09-2017,10093.05,10056.85,10097.55,10028.05,188250000
11-09-2017,10006.05,9971.75,10028.65,9968.8,178410000
08-09-2017,9934.8,9958.65,9963.6,9913.3,168700000
07-09-2017,9929.9,9945.85,9964.85,9917.2,194630000
06-09-2017,9916.2,9899.25,9931.55,9882.55,153770000
05-09-2017,9952.2,9933.25,9963.1,9901.05,143520000
04-09-2017,9912.85,9984.15,9988.4,9861,153370000
01-09-2017,9974.4,9937.65,9983.45,9909.85,162730000
31-08-2017,9917.9,9905.7,9925.1,9856.95,337780000
30-08-2017,9884.4,9859.5,9909.45,9850.8,162700000
29-08-2017,9796.05,9886.4,9887.35,9783.75,178670000
28-08-2017,9912.8,9907.15,9925.75,9882,164490000
24-08-2017,9857.05,9881.2,9881.5,9848.85,190400000
23-08-2017,9852.5,9803.05,9857.9,9786.75,173820000
22-08-2017,9765.55,9815.75,9828.45,9752.6,189270000
21-08-2017,9754.35,9864.25,9884.35,9740.1,211630000
18-08-2017,9837.4,9865.95,9865.95,9783.65,253930000
17-08-2017,9904.15,9945.55,9947.8,9883.75,203650000
16-08-2017,9897.3,9825.85,9903.95,9773.85,226270000
14-08-2017,9794.15,9755.75,9818.3,9752.1,201610000
11-08-2017,9710.8,9712.15,9771.65,9685.55,294730000
10-08-2017,9820.25,9872.85,9892.65,9776.2,242820000
09-08-2017,9908.05,9961.15,9969.8,9893.05,174400000
08-08-2017,9978.55,10068.35,10083.8,9947,209640000
07-08-2017,10057.4,10074.8,10088.1,10046.35,141570000
04-08-2017,10066.4,10008.6,10075.25,9988.35,184080000
03-08-2017,10013.65,10081.15,10081.15,9998.25,198670000
02-08-2017,10081.5,10136.3,10137.85,10054.2,166460000
01-08-2017,10114.65,10101.05,10128.6,10065.75,190000000
31-07-2017,10077.1,10034.7,10085.9,10016.95,245100000
28-07-2017,10014.5,9996.55,10026.05,9944.5,197490000
27-07-2017,10020.55,10063.25,10114.85,10005.5,296780000
26-07-2017,10020.65,9983.65,10025.95,9965.95,203700000
25-07-2017,9964.55,10010.55,10011.3,9949.1,191210000
24-07-2017,9966.4,9936.8,9982.05,9919.6,179910000
21-07-2017,9915.25,9899.6,9924.7,9838,193290000
20-07-2017,9873.3,9920.2,9922.55,9863.45,166080000
19-07-2017,9899.6,9855.95,9905.05,9851.65,206380000
18-07-2017,9827.15,9832.7,9885.35,9792.05,303010000
17-07-2017,9915.95,9908.15,9928.2,9894.7,168600000
14-07-2017,9886.35,9913.3,9913.3,9845.45,164460000
13-07-2017,9891.7,9855.8,9897.25,9853.45,186870000
12-07-2017,9816.1,9807.3,9824.95,9787.7,150050000
11-07-2017,9786.05,9797.45,9830.05,9778.85,185320000
10-07-2017,9771.05,9719.3,9782.15,9646.45,38750000
07-07-2017,9665.8,9670.35,9684.25,9642.65,146230000
06-07-2017,9674.55,9653.6,9700.7,9639.95,152000000
05-07-2017,9637.6,9619.75,9643.65,9607.35,134850000
04-07-2017,9613.3,9645.9,9650.65,9595.5,149310000
03-07-2017,9615,9587.95,9624,9543.55,188690000
30-06-2017,9520.9,9478.5,9535.8,9448.75,185200000
29-06-2017,9504.1,9522.95,9575.8,9493.8,267280000
28-06-2017,9491.25,9520.2,9522.5,9474.35,177650000
27-06-2017,9511.4,9594.05,9615.4,9473.45,209590000
23-06-2017,9574.95,9643.25,9647.65,9565.3,180580000
22-06-2017,9630,9642.65,9698.85,9617.75,204890000
21-06-2017,9633.6,9648.1,9650.45,9608.6,148490000
20-06-2017,9653.5,9670.5,9676.5,9643.75,164440000
19-06-2017,9657.55,9626.4,9673.3,9614.9,146150000
16-06-2017,9588.05,9595.45,9615.85,9565.5,219810000
15-06-2017,9578.05,9617.9,9621.4,9560.8,176420000
14-06-2017,9618.15,9621.55,9627.4,9580.45,187380000
13-06-2017,9606.9,9615.55,9654.15,9595.4,133730000
12-06-2017,9616.4,9646.7,9647.05,9598.5,145790000
09-06-2017,9668.25,9638.55,9676.25,9608.15,163900000
08-06-2017,9647.25,9682.4,9688.7,9641.5,160160000
07-06-2017,9663.9,9663.95,9678.55,9630.55,165670000
06-06-2017,9637.15,9704.25,9709.3,9630.2,150380000
05-06-2017,9675.1,9656.3,9687.2,9640.7,131690000
02-06-2017,9653.5,9657.15,9673.5,9637.45,167200000
01-06-2017,9616.1,9603.55,9634.65,9589.9,181530000
31-05-2017,9621.25,9636.55,9649.6,9609.25,427050000
30-05-2017,9624.55,9590.65,9635.3,9581.2,199890000
29-05-2017,9604.9,9560.05,9637.75,9547.7,242270000
26-05-2017,9595.1,9507.75,9604.9,9495.4,225650000
25-05-2017,9509.75,9384.05,9523.3,9379.2,298150000
24-05-2017,9360.55,9410.9,9431.9,9341.65,218260000
23-05-2017,9386.15,9445.05,9448.05,9370,231350000
22-05-2017,9438.25,9480.25,9498.65,9427.9,202880000
19-05-2017,9427.9,9469.9,9505.75,9390.75,259860000
18-05-2017,9429.45,9453.2,9489.1,9418.1,199340000
17-05-2017,9525.75,9517.6,9532.6,9486.1,211860000
16-05-2017,9512.25,9461,9517.2,9456.35,171710000
15-05-2017,9445.4,9433.55,9449.25,9423.1,145160000
12-05-2017,9400.9,9436.65,9437.75,9372.55,159080000
11-05-2017,9422.4,9448.6,9450.65,9411.3,176440000
10-05-2017,9407.3,9339.65,9414.75,9336,157360000
09-05-2017,9316.85,9337.35,9338.95,9307.7,136420000
08-05-2017,9314.05,9311.45,9338.7,9297.95,179710000
05-05-2017,9285.3,9374.55,9377.1,9272,239130000
04-05-2017,9359.9,9360.95,9365.65,9323.25,277900000
03-05-2017,9311.95,9344.7,9346.3,9298.4,156340000
02-05-2017,9313.8,9339.85,9352.55,9269.9,166560000
28-04-2017,9304.05,9340.95,9342.65,9282.25,167230000
27-04-2017,9342.15,9359.15,9367.15,9322.65,215880000
26-04-2017,9351.85,9336.2,9367,9301.35,191400000
25-04-2017,9306.6,9273.05,9309.2,9250.35,173900000
24-04-2017,9217.95,9135.35,9225.4,9130.55,172910000
21-04-2017,9119.4,9179.1,9183.65,9088.75,159980000
20-04-2017,9136.4,9108.1,9143.9,9102.65,175630000
19-04-2017,9103.5,9112.2,9120.5,9075.15,179120000
18-04-2017,9105.15,9163,9217.9,9095.45,179570000
17-04-2017,9139.3,9144.75,9160,9120.25,132240000
13-04-2017,9150.8,9202.5,9202.65,9144.95,171700000
12-04-2017,9203.45,9242.5,9246.4,9161.8,166760000
11-04-2017,9237,9184.55,9242.7,9172.85,206260000
10-04-2017,9181.45,9225.6,9225.65,9174.85,139970000
07-04-2017,9198.3,9223.7,9250.5,9188.1,195920000
06-04-2017,9261.95,9245.8,9267.95,9218.85,191940000
05-04-2017,9265.15,9264.4,9273.9,9215.4,190530000
03-04-2017,9237.85,9220.6,9245.35,9192.4,143440000
31-03-2017,9173.75,9158.9,9191.7,9152.1,196770000
30-03-2017,9173.75,9142.6,9183.15,9136.35,333410000
29-03-2017,9143.8,9128.7,9153.15,9109.1,250900000
28-03-2017,9100.8,9081.5,9110.4,9079.8,188990000
27-03-2017,9045.2,9093.45,9094.85,9024.65,209040000
24-03-2017,9108,9104,9133.55,9089.4,210020000
23-03-2017,9086.3,9048.75,9099.05,9048.6,197700000
22-03-2017,9030.45,9047.2,9072.9,9019.3,239460000
21-03-2017,9121.5,9133.95,9147.75,9087.2,255400000
20-03-2017,9126.85,9166.95,9167.6,9116.3,342400000
17-03-2017,9160.05,9207.8,9218.4,9147.6,295550000
16-03-2017,9153.7,9129.65,9158.45,9128.55,215100000
15-03-2017,9084.8,9086.85,9106.55,9075.5,248030000
14-03-2017,9087,9091.65,9122.75,9060.5,278730000
10-03-2017,8934.55,8953.7,8975.7,8903.95,157420000
09-03-2017,8927,8914.5,8945.8,8899.5,176810000
08-03-2017,8924.3,8950.7,8957.05,8891.95,183330000
07-03-2017,8946.9,8977.75,8977.85,8932.8,178830000
06-03-2017,8963.45,8915.1,8967.8,8914,180200000
03-03-2017,8897.55,8883.5,8907.1,8860.1,208920000
02-03-2017,8899.75,8982.85,8992.5,8879.8,225610000
01-03-2017,8945.8,8904.4,8960.8,8898.6,212330000
28-02-2017,8879.6,8898.95,8914.75,8867.6,302720000
27-02-2017,8896.7,8943.7,8951.8,8888.65,195850000
23-02-2017,8939.5,8956.4,8982.15,8927.55,388870000
22-02-2017,8926.9,8931.6,8960.75,8905.25,254680000
21-02-2017,8907.85,8890.75,8920.8,8860.95,181090000
20-02-2017,8879.2,8818.55,8886.25,8809.8,173020000
17-02-2017,8821.7,8883.7,8896.45,8804.25,307530000
16-02-2017,8778,8739,8783.95,8719.6,190280000
15-02-2017,8724.7,8778.95,8807.9,8712.85,222830000
14-02-2017,8792.3,8819.9,8820.45,8772.5,194130000
13-02-2017,8805.05,8819.8,8826.9,8754.2,211180000
10-02-2017,8793.55,8812.35,8822.1,8771.2,232950000
09-02-2017,8778.4,8795.55,8821.4,8724.1,193280000
08-02-2017,8769.05,8774.55,8791.25,8715,225490000
07-02-2017,8768.3,8805.7,8809.3,8741.05,233300000
06-02-2017,8801.05,8785.45,8814.1,8770.2,200400000
03-02-2017,8740.95,8735.15,8748.25,8707.75,196940000
02-02-2017,8734.25,8724.75,8757.6,8685.8,292330000
01-02-2017,8716.4,8570.35,8722.4,8537.5,337800000
31-01-2017,8561.3,8629.45,8631.75,8552.4,537110000
30-01-2017,8632.75,8635.55,8662.6,8617.75,314110000
27-01-2017,8641.25,8610.5,8672.7,8606.9,283910000
25-01-2017,8602.75,8499.45,8612.6,8493.95,301490000
24-01-2017,8475.8,8407.05,8480.95,8398.15,184750000
23-01-2017,8391.5,8329.6,8404.15,8327.2,200990000
20-01-2017,8349.35,8404.35,8423.65,8340.95,208900000
19-01-2017,8435.1,8418.4,8445.15,8404.05,170960000
18-01-2017,8417,8403.85,8460.3,8397.4,168870000
17-01-2017,8398,8415.05,8440.9,8378.3,125780000
16-01-2017,8412.8,8390.95,8426.7,8374.4,127940000
13-01-2017,8400.35,8457.65,8461.05,8373.15,190950000
12-01-2017,8407.2,8391.05,8417.2,8382.3,177950000
11-01-2017,8380.65,8327.8,8389,8322.25,192280000
10-01-2017,8288.6,8262.7,8293.8,8261,147310000
09-01-2017,8236.05,8259.35,8263,8227.75,102210000
06-01-2017,8243.8,8281.85,8306.85,8233.25,143690000
05-01-2017,8273.8,8226.65,8282.65,8223.7,163960000
04-01-2017,8190.5,8202.65,8218.5,8180.9,136480000
03-01-2017,8192.25,8196.05,8219.1,8148.6,131190000
02-01-2017,8179.5,8210.1,8212,8133.8,122020000
30-12-2016,8185.8,8119.65,8197,8114.75,131460000
29-12-2016,8103.6,8030.6,8111.1,8020.8,183980000
28-12-2016,8034.85,8047.55,8100.55,8028.4,130580000
27-12-2016,8032.85,7915.05,8044.65,7903.7,122460000
26-12-2016,7908.25,7965.1,7970.05,7893.8,110170000
23-12-2016,7985.75,7972.5,8022.6,7942.05,127920000
22-12-2016,7979.1,8043.85,8046.45,7964.95,126410000
21-12-2016,8061.3,8105.85,8112.55,8053.25,127540000
20-12-2016,8082.4,8110.6,8124.1,8062.75,132030000
19-12-2016,8104.35,8126,8132.5,8094.85,110670000
16-12-2016,8139.45,8178.2,8178.7,8127.45,209270000
15-12-2016,8153.6,8128.4,8225.9,8121.95,187430000
14-12-2016,8182.45,8229.35,8229.4,8165.1,149130000
13-12-2016,8221.8,8196.15,8228.85,8155.8,189740000
12-12-2016,8170.8,8230.65,8230.65,8154.45,111430000
09-12-2016,8261.75,8271.7,8274.95,8241.95,154340000
08-12-2016,8246.85,8152.1,8256.25,8151.75,146860000
07-12-2016,8102.05,8168.4,8190.45,8077.5,175020000
06-12-2016,8143.15,8153.15,8178.7,8130.85,118850000
05-12-2016,8128.75,8088.75,8141.9,8056.85,130440000
02-12-2016,8086.8,8153.55,8159.3,8070.05,176770000
01-12-2016,8192.9,8244,8250.8,8185.05,162600000
30-11-2016,8224.5,8172.15,8234.25,8139.25,255720000
29-11-2016,8142.15,8131.55,8197.35,8128.7,195620000
28-11-2016,8126.9,8080.65,8146.5,8066.5,195600000
25-11-2016,8114.3,8007.95,8122.25,7976.75,183360000
24-11-2016,7965.5,8011.8,8024.85,7952.55,268620000
23-11-2016,8033.3,8051.2,8055.2,7973.1,186600000
22-11-2016,8002.3,7989.15,8019.05,7938.15,216680000
21-11-2016,7929.1,8102.1,8102.45,7916.4,225610000
18-11-2016,8074.1,8097.55,8128.95,8048.3,166200000
17-11-2016,8079.95,8105.1,8151.25,8060.3,197180000
16-11-2016,8111.6,8205.65,8210.05,8089.4,277800000
15-11-2016,8108.45,8284.85,8288.55,8093.2,370300000
11-11-2016,8296.3,8456.65,8460.6,8284.95,275220000
10-11-2016,8525.75,8555.6,8598.45,8510.7,271200000
09-11-2016,8432,8067.5,8476.2,8002.25,323970000
08-11-2016,8543.55,8540,8559.4,8480.1,201760000
07-11-2016,8497.05,8535.75,8535.85,8481.45,178070000
04-11-2016,8433.75,8503.6,8504,8400.25,231780000
03-11-2016,8484.95,8499.85,8537.65,8476.15,175770000
02-11-2016,8514,8542.8,8549.5,8504.85,160130000
01-11-2016,8626.25,8653.15,8669.6,8614.5,170070000
30-10-2016,8625.7,8672.35,8678.25,8616.25,166110000
28-10-2016,8638,8625,8653.75,8581.75,180910000
27-10-2016,8615.25,8607.1,8624.85,8550.25,250340000
26-10-2016,8615.25,8657.3,8657.3,8596.6,226130000
25-10-2016,8691.3,8721.7,8722.65,8663.45,195700000
24-10-2016,8708.95,8709.85,8736.95,8684.15,161970000
21-10-2016,8693.05,8708.6,8709.1,8652.05,162160000
20-10-2016,8699.4,8693.35,8727,8678.3,165950000
19-10-2016,8659.1,8697.5,8698.75,8636.7,177400000
18-10-2016,8677.9,8556.05,8685.1,8555.9,216630000
17-10-2016,8520.4,8612.95,8615.4,8506.15,203520000
14-10-2016,8583.4,8594,8604.45,8549.8,167850000
13-10-2016,8573.35,8671.5,8681.55,8541.35,218860000
10-10-2016,8708.8,8735.35,8745.8,8703.95,111790000
07-10-2016,8697.6,8721.7,8723.7,8663.8,155050000
06-10-2016,8709.55,8768.7,8781.15,8684.65,168710000
05-10-2016,8743.95,8806.35,8806.95,8731.4,162100000
04-10-2016,8769.15,8770,8783.65,8736.1,189990000
03-10-2016,8738.1,8666.15,8745.2,8635,141470000
30-09-2016,8611.15,8581.5,8637.15,8555.2,187330000
29-09-2016,8591.25,8792.7,8800.65,8558.25,384400000
28-09-2016,8745.15,8711.2,8767.05,8703.15,170640000
27-09-2016,8706.4,8748.9,8768.5,8690.5,156100000
26-09-2016,8723.05,8807.9,8809.55,8715.1,169050000
23-09-2016,8831.55,8880.75,8885.2,8820.3,191620000
22-09-2016,8867.45,8873.35,8893.35,8837.8,178140000
21-09-2016,8777.15,8790.3,8826.85,8757.3,153440000
20-09-2016,8775.9,8816.1,8816.45,8759.3,140720000
19-09-2016,8808.4,8788.45,8824.3,8774.2,135810000
16-09-2016,8779.85,8780.85,8847.65,8750.5,274040000
15-09-2016,8742.55,8743.85,8751.95,8704.35,149890000
14-09-2016,8726.6,8710.65,8739.85,8688.9,189980000
12-09-2016,8715.6,8732.95,8746.95,8699.4,190200000
09-09-2016,8866.7,8934.3,8939.15,8858.7,181340000
08-09-2016,8952.5,8915.5,8960.35,8896,223940000
07-09-2016,8917.95,8968.7,8968.7,8913.35,299150000
06-09-2016,8943,8852.7,8950.85,8848.45,201620000
02-09-2016,8809.65,8796.35,8824.1,8768.2,197380000
01-09-2016,8774.65,8793.6,8813.25,8759.95,246340000
31-08-2016,8786.2,8754.05,8819.2,8754.05,373420000
30-08-2016,8744.35,8646.75,8750.6,8642.25,154830000
29-08-2016,8607.45,8583.75,8622,8543.75,133720000
26-08-2016,8572.55,8614.35,8622.95,8547.55,152150000
25-08-2016,8592.2,8668.85,8683.05,8583.65,219740000
24-08-2016,8650.3,8648.5,8661.05,8620.9,154170000
23-08-2016,8632.6,8628.35,8642.15,8580,193300000
22-08-2016,8629.15,8667,8684.85,8614,156980000
19-08-2016,8666.9,8694.3,8696.6,8647.1,197770000
18-08-2016,8673.25,8648.85,8690.7,8645.05,169430000
17-08-2016,8624.05,8639.8,8667.1,8603.6,179540000
16-08-2016,8642.55,8670.25,8682.35,8600.45,231770000
12-08-2016,8672.15,8605.45,8684.3,8604.45,272010000
11-08-2016,8592.15,8572.8,8601.15,8540.05,195120000
10-08-2016,8575.3,8686.7,8690.1,8564.6,178960000
09-08-2016,8678.25,8727.8,8728.35,8638.2,206260000
08-08-2016,8711.35,8712.85,8723.5,8697.6,177880000
05-08-2016,8683.15,8600.2,8689.4,8590.15,162780000
04-08-2016,8551.1,8599.95,8601.4,8518.15,169780000
03-08-2016,8544.85,8635.2,8635.45,8529.6,168030000
02-08-2016,8622.9,8647.45,8687.2,8611.4,174560000
01-08-2016,8636.55,8654.3,8711.3,8590.5,194190000
29-07-2016,8638.5,8668.3,8670.35,8631.15,161940000
28-07-2016,8666.3,8636.95,8674.7,8625.25,240720000
27-07-2016,8615.8,8599.4,8665,8572.05,189800000
26-07-2016,8590.65,8633.75,8644.9,8577.15,159560000
25-07-2016,8635.65,8519.95,8641.15,8517.2,154630000
22-07-2016,8541.2,8519.65,8548.95,8489.8,147620000
21-07-2016,8510.1,8582.7,8585.25,8503.45,154580000
20-07-2016,8565.85,8515.45,8569.9,8512.55,165350000
19-07-2016,8528.55,8514.3,8540.05,8476.7,173050000
18-07-2016,8508.7,8564.05,8587.1,8494.35,169400000
15-07-2016,8541.4,8565.45,8594.8,8510.05,228600000
14-07-2016,8565,8515.75,8571.4,8500.7,158740000
13-07-2016,8519.5,8540.45,8550.25,8493.55,201490000
12-07-2016,8521.05,8502.6,8526.6,8479.2,189340000
11-07-2016,8467.9,8413.35,8475.25,8407.05,154400000
08-07-2016,8323.2,8350,8353.3,8287.55,142160000
07-07-2016,8337.9,8342,8361.95,8317.7,160330000
05-07-2016,8335.95,8379.3,8381.45,8319.95,143250000
04-07-2016,8370.7,8376.75,8398.45,8364.7,158960000
01-07-2016,8328.35,8313.05,8356.75,8308.65,170580000
30-06-2016,8287.75,8260.25,8308.15,8242.1,288030000
29-06-2016,8204,8173.1,8212.4,8157.65,151500000
28-06-2016,8127.85,8096.05,8146.35,8086.85,175720000
27-06-2016,8094.7,8039.35,8120.65,8039.35,167460000
24-06-2016,8088.6,8029.1,8100.7,7927.05,306800000
23-06-2016,8270.45,8201.15,8285.6,8188.3,158850000
22-06-2016,8203.7,8213.65,8238.35,8153.25,140270000
21-06-2016,8219.9,8255.4,8257.25,8202.15,141160000
20-06-2016,8238.5,8115.75,8244.15,8107.35,173750000
17-06-2016,8170.2,8176.65,8195.25,8135.8,171840000
16-06-2016,8140.75,8180.65,8180.65,8074.45,195030000
15-06-2016,8206.6,8139.4,8213.2,8123.15,174950000
14-06-2016,8108.85,8134.4,8134.95,8069.5,150040000
13-06-2016,8110.6,8102.25,8125.25,8063.9,174920000
10-06-2016,8170.05,8180.25,8265.6,8162.85,187760000
09-06-2016,8203.6,8273.35,8273.35,8184.6,180290000
08-06-2016,8273.05,8285.5,8288.9,8252.05,179710000
07-06-2016,8266.45,8235.55,8294.95,8216.4,249370000
06-06-2016,8201.05,8228.75,8234.7,8186.05,176880000
03-06-2016,8220.8,8246.2,8262,8209.85,390650000
02-06-2016,8218.95,8156.9,8229.5,8154.75,187320000
01-06-2016,8179.95,8179.2,8215.35,8171.05,200370000
31-05-2016,8160.1,8209.85,8213.6,8134.3,485650000
30-05-2016,8178.5,8166.5,8200,8150.8,255090000
27-05-2016,8156.65,8081.95,8164.2,8077.05,268960000
26-05-2016,8069.65,7974.45,8083,7948.5,272460000
25-05-2016,7934.9,7811.8,7941.2,7809.3,181640000
24-05-2016,7748.85,7738.05,7761.55,7715.8,151540000
23-05-2016,7731.05,7813.95,7820.6,7722.2,177350000
20-05-2016,7749.7,7792.2,7812.4,7735.75,161890000
19-05-2016,7783.4,7875.5,7876.2,7766.8,175710000
18-05-2016,7870.15,7846.75,7882.05,7810.75,161170000
17-05-2016,7890.75,7896.85,7940.1,7879.7,189140000
16-05-2016,7860.75,7831.2,7873.9,7772.15,211550000
13-05-2016,7814.9,7881,7881,7784.2,185060000
12-05-2016,7900.4,7871.45,7916.05,7849.65,157440000
11-05-2016,7848.85,7804.65,7893.1,7780.9,220710000
10-05-2016,7887.8,7873.55,7896.9,7837.7,166960000
09-05-2016,7866.05,7755.25,7873.65,7753.55,165620000
06-05-2016,7733.45,7717.65,7738.9,7678.35,168660000
05-05-2016,7735.5,7731,7777.55,7706.85,190790000
04-05-2016,7706.55,7724.15,7749,7697.25,205940000
03-05-2016,7747,7824.8,7890.25,7735.15,192270000
02-05-2016,7805.9,7822.7,7829.8,7777.3,150820000
29-04-2016,7849.8,7844.25,7889.05,7788.7,251230000
28-04-2016,7847.25,7967.4,7992,7834.45,301480000
27-04-2016,7979.9,7942,7991,7940.55,213170000
26-04-2016,7962.65,7828.15,7974.5,7822.55,208660000
25-04-2016,7855.05,7894.8,7911,7827,150780000
22-04-2016,7899.3,7891.8,7923.35,7873.35,188990000
21-04-2016,7912.05,7953.65,7978.45,7884.1,230580000
20-04-2016,7914.75,7950.05,7950.4,7877.55,211630000
18-04-2016,7914.7,7908.15,7920.6,7842.75,190260000
13-04-2016,7850.45,7777.15,7864.8,7772.2,227220000
12-04-2016,7708.95,7669.25,7717.4,7663.35,168510000
11-04-2016,7671.4,7577.8,7678.8,7516.85,185350000
08-04-2016,7555.2,7542.35,7569.35,7526.7,147820000
07-04-2016,7546.45,7630.4,7630.75,7535.85,241680000
06-04-2016,7614.35,7636.05,7638.65,7591.75,170650000
05-04-2016,7603.2,7736.3,7736.3,7588.65,210130000
04-04-2016,7758.8,7733.15,7764.45,7704.4,160280000
01-04-2016,7713.05,7718.05,7740.15,7666.1,189570000
31-03-2016,7738.4,7727.65,7777.6,7702,391910000
30-03-2016,7735.2,7651.1,7741.95,7643.45,239840000
29-03-2016,7597,7606.55,7652.9,7582.25,223490000
28-03-2016,7615.1,7741,7749.4,7587.7,249900000
23-03-2016,7716.5,7717.45,7726.85,7670.6,205800000
22-03-2016,7714.9,7695.55,7728.2,7643.8,215360000
21-03-2016,7704.25,7619.2,7713.55,7617.7,202850000
18-03-2016,7604.35,7534.65,7613.6,7517.9,244730000
17-03-2016,7512.55,7557.4,7585.3,7479.4,247040000
16-03-2016,7498.75,7457.05,7508,7405.15,201430000
15-03-2016,7460.6,7535.85,7545.2,7452.8,199650000
14-03-2016,7538.75,7542.6,7583.7,7515.05,172070000
11-03-2016,7510.2,7484.85,7543.95,7460.6,204810000
10-03-2016,7486.15,7545.35,7547.1,7447.4,231580000
09-03-2016,7531.8,7436.1,7539,7424.3,252710000
08-03-2016,7485.3,7486.4,7527.15,7442.15,264940000
04-03-2016,7485.35,7505.4,7505.9,7444.1,290440000
03-03-2016,7475.6,7429.55,7483.95,7406.05,287250000
02-03-2016,7368.85,7321.7,7380.35,7308.15,348970000
01-03-2016,7222.3,7038.25,7235.5,7035.1,283560000
29-02-2016,6987.05,7050.45,7094.6,6825.8,487970000
26-02-2016,7029.75,7039.3,7052.9,6985.1,213140000
25-02-2016,6970.6,7029.85,7034.2,6961.4,291930000
24-02-2016,7018.7,7075,7090.8,7009.75,205900000
23-02-2016,7109.55,7240.3,7241.7,7090.7,200400000
22-02-2016,7234.55,7208.85,7252.4,7200.7,159160000
19-02-2016,7210.75,7170.55,7226.85,7145.95,198210000
18-02-2016,7191.75,7177.4,7215.1,7127.85,254330000
17-02-2016,7108.45,7058.85,7123.7,6960.65,268020000
16-02-2016,7048.25,7201.25,7204.65,7037.7,261610000
15-02-2016,7162.95,7057.35,7182.8,7056.8,365220000
12-02-2016,6980.95,7023.65,7034.8,6869,344210000
11-02-2016,6976.35,7203.6,7208.65,6959.95,301300000
10-02-2016,7215.7,7264.3,7271.85,7177.75,254480000
09-02-2016,7298.2,7303.95,7323.45,7275.15,218730000
08-02-2016,7387.25,7489.7,7512.55,7363.2,176760000
05-02-2016,7489.1,7418.25,7503.15,7406.65,257520000
04-02-2016,7404,7411.45,7457.05,7365.95,229560000
03-02-2016,7361.8,7392.45,7419.4,7350.3,197860000
02-02-2016,7455.55,7566.65,7576.3,7428.05,237340000
01-02-2016,7555.95,7589.5,7600.45,7541.25,206640000
29-01-2016,7563.55,7413.35,7575.65,7402.8,307930000
28-01-2016,7424.65,7426.5,7468.85,7409.6,283040000
27-01-2016,7437.75,7469.6,7477.9,7419.7,193390000
25-01-2016,7436.15,7468.75,7487.15,7421.2,168200000
22-01-2016,7422.45,7355.7,7433.4,7327.6,236280000
21-01-2016,7276.8,7376.65,7398.7,7250,248110000
20-01-2016,7309.3,7357,7470.9,7241.5,232610000
19-01-2016,7435.1,7381.8,7462.75,7364.15,194070000
18-01-2016,7351,7420.35,7463.65,7336.4,240800000
15-01-2016,7437.8,7561.65,7566.5,7427.3,203640000
14-01-2016,7536.8,7467.4,7604.8,7443.8,206990000
13-01-2016,7562.4,7557.9,7590.95,7425.8,221910000
12-01-2016,7510.3,7587.2,7588.3,7487.8,168980000
11-01-2016,7563.85,7527.45,7605.1,7494.35,194840000
08-01-2016,7601.35,7611.65,7634.1,7581.05,162350000
07-01-2016,7568.3,7673.35,7674.95,7556.6,194730000
06-01-2016,7741,7788.05,7800.95,7721.2,151720000
05-01-2016,7784.65,7828.4,7831.2,7763.25,149670000
04-01-2016,7791.3,7924.55,7937.55,7781.1,138860000
01-01-2016,7963.2,7938.45,7972.55,7909.8,64840000
31-12-2015,7946.35,7897.8,7955.55,7891.15,155640000
30-12-2015,7896.25,7938.6,7944.75,7889.85,110150000
29-12-2015,7928.95,7929.2,7942.15,7902.75,116540000
28-12-2015,7925.15,7863.2,7937.2,7863,126740000
24-12-2015,7861.05,7888.75,7888.75,7835.5,96370000
23-12-2015,7865.95,7830.45,7871.45,7826.1,121480000
22-12-2015,7786.1,7829.4,7846.3,7776.85,129630000
21-12-2015,7834.45,7745.65,7840.75,7733.45,130170000
18-12-2015,7761.95,7828.9,7836.15,7753.35,197320000
17-12-2015,7844.35,7783.05,7852.9,7737.55,181260000
16-12-2015,7750.9,7725.25,7776.6,7715.75,159150000
15-12-2015,7700.9,7659.15,7705,7625.1,138480000
14-12-2015,7650.05,7558.2,7663.95,7551.05,153490000
11-12-2015,7610.45,7699.6,7703.05,7575.3,173000000
10-12-2015,7683.3,7643.3,7691.95,7610,145250000
09-12-2015,7612.5,7695.5,7702.85,7606.9,144320000
08-12-2015,7701.7,7738.5,7771.25,7685.45,139320000
07-12-2015,7765.4,7816.55,7825.4,7746.05,141890000
04-12-2015,7781.9,7817.6,7821.4,7775.7,157230000
03-12-2015,7864.15,7902.3,7912.3,7853.3,129630000
02-12-2015,7931.35,7976.7,7979.3,7910.8,130210000
01-12-2015,7954.9,7958.15,7972.15,7934.15,142940000
30-11-2015,7935.25,7936.25,7966,7922.8,223040000
27-11-2015,7942.7,7910.6,7959.3,7879.45,154860000
26-11-2015,7883.8,7837.15,7897.1,7832,226630000
24-11-2015,7831.6,7837,7870.35,7812.65,134560000
23-11-2015,7849.25,7869.5,7877.5,7825.2,130870000
20-11-2015,7856.55,7841.9,7906.95,7817.8,156610000
19-11-2015,7842.75,7788.5,7854.9,7765.45,136700000
18-11-2015,7731.8,7823.15,7843.4,7725.05,148040000
17-11-2015,7837.55,7848.75,7860.45,7793,149450000
16-11-2015,7806.6,7732.95,7838.85,7714.15,154140000
13-11-2015,7762.25,7762.45,7775.1,7730.9,165880000
11-11-2015,7825,7838.8,7847.95,7819.1,223800000
10-11-2015,7783.35,7877.6,7885.1,7772.85,170270000
09-11-2015,7915.2,7788.25,7937.75,7771.7,218420000
06-11-2015,7954.3,7956.55,8002.65,7926.15,226330000
05-11-2015,7955.45,8030.35,8031.2,7944.1,136220000
04-11-2015,8040.2,8104.9,8116.1,8027.3,125940000
03-11-2015,8060.7,8086.35,8100.35,8031.75,136620000
02-11-2015,8050.8,8054.55,8060.7,7995.6,140320000
30-10-2015,8065.8,8123.55,8146.1,8044.4,205660000
29-10-2015,8111.75,8175.45,8179.6,8098,224230000
28-10-2015,8171.2,8188.9,8209.1,8131.8,194710000
27-10-2015,8232.9,8230.35,8241.95,8217.05,161490000
26-10-2015,8260.55,8333.65,8336.3,8252.05,138010000
23-10-2015,8295.45,8308.25,8328.1,8280.75,156660000
21-10-2015,8251.7,8258.35,8294.4,8217.15,149270000
20-10-2015,8261.65,8280.3,8294.05,8229.2,159950000
19-10-2015,8275.05,8262.55,8283.05,8239.2,128300000
16-10-2015,8238.15,8193.65,8246.4,8147.65,161150000
15-10-2015,8179.5,8134.35,8190.55,8129.8,172430000
14-10-2015,8107.9,8102.4,8139.3,8096.35,143160000
13-10-2015,8131.7,8121.95,8150.25,8088.6,150430000
12-10-2015,8143.6,8231.5,8244.5,8128.2,205260000
09-10-2015,8189.7,8186.35,8232.2,8139.65,205860000
08-10-2015,8129.35,8196.75,8196.75,8105.85,177030000
07-10-2015,8177.4,8146.2,8188.9,8132.9,199910000
06-10-2015,8152.9,8180.45,8180.95,8096.5,184040000
05-10-2015,8119.3,8005.1,8128.9,8005.1,188830000
01-10-2015,7950.9,7992.05,8008.25,7930.65,161810000
30-09-2015,7948.9,7924.25,7957.7,7874.5,217190000
29-09-2015,7843.3,7725.7,7926.55,7691.2,248110000
28-09-2015,7795.7,7892.8,7893.95,7787.95,140480000
24-09-2015,7868.5,7838.4,7894.5,7804.1,208770000
23-09-2015,7845.95,7737.35,7882.9,7723.25,151200000
22-09-2015,7812,8014.8,8021.6,7787.75,173570000
21-09-2015,7977.1,7911.5,7987.9,7908.35,125630000
18-09-2015,7981.9,7967.45,8055,7955.85,249310000
16-09-2015,7899.15,7886.85,7913.9,7853.3,144330000
15-09-2015,7829.1,7867.35,7880,7799.75,140720000
14-09-2015,7872.25,7811.1,7879.95,7761.85,126630000
11-09-2015,7789.3,7833.8,7864.85,7759.9,140580000
10-09-2015,7788.1,7729.05,7819.85,7678.5,165310000
09-09-2015,7818.6,7805.85,7846.05,7764.55,214840000
08-09-2015,7688.25,7587.7,7720.9,7539.5,177520000
07-09-2015,7558.8,7685.85,7705.05,7545.9,145760000
04-09-2015,7655.05,7803.4,7804.9,7626.85,199570000
03-09-2015,7823,7774.45,7845.6,7754.05,160610000
02-09-2015,7717,7856.65,7862.55,7699.25,222000000
01-09-2015,7785.85,7907.95,7929.1,7746.5,190580000
31-08-2015,7971.3,8009.25,8043.6,7947.95,204260000
28-08-2015,8001.95,8053.7,8091.8,7961.65,201570000
27-08-2015,7948.95,7921.6,7963.6,7862.3,314420000
26-08-2015,7791.85,7865.25,7930.05,7777.1,223260000
25-08-2015,7880.7,7895.4,7925.4,7667.25,308260000
24-08-2015,7809,8055.95,8060.05,7769.4,322100000
21-08-2015,8299.95,8305.4,8322.2,8225.05,207540000
20-08-2015,8372.75,8471.05,8501.35,8359.75,189840000
19-08-2015,8495.15,8468.05,8520.45,8425.95,134510000
18-08-2015,8466.55,8505.85,8525.75,8433.6,157990000
17-08-2015,8477.3,8530.5,8530.6,8428.05,180080000
14-08-2015,8518.55,8402.35,8530.1,8381.2,160680000
13-08-2015,8355.85,8384.45,8429.5,8339.75,195080000
12-08-2015,8349.45,8445.7,8446.95,8337.95,195900000
11-08-2015,8462.35,8548.45,8556.25,8441.3,159190000
10-08-2015,8525.6,8577,8621.55,8497.8,127200000
07-08-2015,8564.6,8580.8,8595.95,8552.7,148070000
06-08-2015,8588.65,8585.8,8606.3,8551.5,139120000
05-08-2015,8567.95,8547.45,8591.85,8545.85,136950000
04-08-2015,8516.9,8564.1,8565.15,8448.25,193230000
03-08-2015,8543.05,8510.65,8563.95,8508.1,161490000
31-07-2015,8532.85,8456.1,8548.95,8448,209630000
30-07-2015,8421.8,8417,8458.9,8408.3,221940000
29-07-2015,8375.05,8365.6,8381.5,8338.45,145400000
28-07-2015,8337,8371.1,8397.4,8321.75,179980000
27-07-2015,8361,8492.1,8492.2,8351.55,140830000
24-07-2015,8521.55,8588.15,8589.15,8513.5,131350000
23-07-2015,8589.8,8643.95,8654.75,8573.8,136960000
22-07-2015,8633.5,8512.25,8643.9,8498.65,141020000
21-07-2015,8529.45,8601.5,8646.75,8517.9,169150000
20-07-2015,8603.45,8623.9,8624.1,8559,93440000
17-07-2015,8609.85,8623.65,8642.95,8593.15,108190000
16-07-2015,8608.05,8546.15,8616.1,8542.9,119640000
15-07-2015,8523.8,8463.4,8531.4,8462.95,108840000
14-07-2015,8454.1,8470.6,8480.25,8424.1,104890000
13-07-2015,8459.65,8397.25,8471.65,8355.4,121380000
10-07-2015,8360.55,8365.7,8377.1,8315.4,158880000
09-07-2015,8328.55,8364.85,8400.3,8323,135360000
08-07-2015,8363.05,8439.2,8457.5,8341.4,193890000
07-07-2015,8510.8,8525.5,8561.35,8483.85,126040000
06-07-2015,8522.15,8386.15,8533.15,8386.15,104580000
03-07-2015,8484.9,8440.1,8497.75,8424.15,91140000
02-07-2015,8444.9,8471.95,8479.25,8433.2,115470000
01-07-2015,8453.05,8376.25,8481.6,8370.15,135890000
30-06-2015,8368.5,8316.35,8378,8298.95,163370000
29-06-2015,8318.4,8247.05,8329.45,8195.65,136110000
26-06-2015,8381.1,8393.95,8408.55,8339.7,113960000
25-06-2015,8398,8336.25,8423.15,8329.5,207420000
24-06-2015,8360.85,8399.4,8421.35,8338.9,134060000
23-06-2015,8381.55,8377.45,8398.45,8334.95,135840000
22-06-2015,8353.1,8259.3,8369.45,8257.4,126540000
19-06-2015,8224.95,8201.15,8250.8,8195.65,151580000
18-06-2015,8174.6,8113.7,8186.9,8101.8,149270000
17-06-2015,8091.55,8084.2,8136.85,8048.95,157210000
16-06-2015,8047.3,8004.2,8061.85,7952.35,127810000
15-06-2015,8013.9,7986.6,8057.7,7944.85,137120000
12-06-2015,7982.9,7959.85,7995.6,7940.3,140840000
11-06-2015,7965.35,8157.3,8163.05,7958.25,171350000
10-06-2015,8124.45,8024.15,8152.25,8023.8,141030000
09-06-2015,8022.4,8026.5,8057.15,8005.15,140220000
08-06-2015,8044.15,8124.35,8131,8030.55,140080000
05-06-2015,8114.7,8119.15,8191,8100.15,167060000
04-06-2015,8130.65,8155.15,8160.05,8056.75,159470000
03-06-2015,8135.1,8232.45,8236.7,8094.15,176660000
02-06-2015,8236.45,8442.8,8445.35,8226.05,151340000
01-06-2015,8433.4,8417.25,8467.15,8405.4,125990000
29-05-2015,8433.65,8327.1,8443.9,8305.7,375230000
28-05-2015,8319,8345.7,8364.5,8270.15,239550000
27-05-2015,8334.6,8302.75,8342.85,8277.95,170580000
26-05-2015,8339.35,8377.1,8378.9,8320.05,120430000
25-05-2015,8370.25,8438.15,8441.95,8364.15,125050000
22-05-2015,8458.95,8432.5,8489.55,8420.6,193080000
21-05-2015,8421,8434.5,8446.35,8382.5,148190000
20-05-2015,8423.25,8392.65,8440.35,8391.45,127390000
19-05-2015,8365.65,8356.2,8427.8,8335,144640000
18-05-2015,8373.65,8284.95,8384.6,8271.95,153340000
15-05-2015,8262.35,8240.3,8279.2,8212.2,133840000
14-05-2015,8224.2,8232.45,8236.25,8137.3,138960000
13-05-2015,8235.45,8181.55,8254.95,8089.8,175020000
12-05-2015,8126.95,8326.15,8326.65,8115.3,178750000
11-05-2015,8325.25,8243.2,8332.75,8224.65,197880000
08-05-2015,8191.5,8131.5,8224.95,8123.45,188780000
07-05-2015,8057.3,8077,8122.6,7997.15,166560000
06-05-2015,8097,8316.6,8331.95,8083,216090000
05-05-2015,8324.8,8338.4,8355.65,8280.6,160340000
04-05-2015,8331.95,8230.05,8346,8220.45,135760000
30-04-2015,8181.5,8224.5,8229.4,8144.75,276020000
29-04-2015,8239.75,8274.8,8308.2,8219.2,165360000
28-04-2015,8285.6,8215.55,8308,8185.15,179970000
27-04-2015,8213.8,8330.55,8334.45,8202.35,176840000
24-04-2015,8305.25,8405.7,8413.3,8273.35,178990000
23-04-2015,8398.3,8478.2,8504.95,8361.85,160800000
22-04-2015,8429.7,8400.4,8449.95,8284.7,177130000
21-04-2015,8377.75,8416.1,8469.35,8352.7,420430000
20-04-2015,8448.1,8618.8,8619.95,8422.75,153510000
17-04-2015,8606,8698.05,8699.85,8596.7,154980000
16-04-2015,8706.7,8757.05,8760,8645.65,147270000
15-04-2015,8750.2,8844.75,8844.8,8722.4,168580000
13-04-2015,8834,8801.75,8841.65,8762.1,125370000
10-04-2015,8780.35,8774.35,8787.4,8733.6,143290000
09-04-2015,8778.3,8756.2,8785.5,8682.45,157410000
08-04-2015,8714.4,8698.95,8730.5,8679.8,152800000
07-04-2015,8660.3,8684.45,8693.6,8586.85,153260000
06-04-2015,8659.9,8615.8,8667.55,8573.75,151380000
01-04-2015,8586.25,8483.7,8603.4,8464.75,129450000
31-03-2015,8491,8527.6,8550.45,8454.15,172360000
30-03-2015,8492.3,8390.95,8504.55,8380.75,138880000
27-03-2015,8341.4,8396,8413.2,8269.15,198980000
26-03-2015,8342.15,8474.95,8499.45,8325.35,288760000
25-03-2015,8530.8,8568.9,8573.75,8516.55,165950000
24-03-2015,8542.95,8537.05,8627.75,8535.85,161460000
23-03-2015,8550.9,8591.55,8608.35,8540.55,155430000
20-03-2015,8570.9,8627.9,8627.9,8553,179980000
19-03-2015,8634.65,8749.45,8788.2,8614.65,168630000
18-03-2015,8685.9,8742.9,8747.25,8664,161150000
17-03-2015,8723.3,8689.1,8742.55,8630.8,182500000
16-03-2015,8633.15,8656.75,8663.55,8612,168440000
13-03-2015,8647.75,8844.05,8849.75,8631.75,184670000
12-03-2015,8776,8740.65,8787.2,8732.9,179340000
11-03-2015,8699.95,8728.75,8755.6,8682.35,178050000
10-03-2015,8712.05,8769.75,8778,8677.35,168920000
09-03-2015,8756.75,8891.15,8891.3,8740.45,160330000
05-03-2015,8937.75,8929.4,8957.55,8849.35,165080000
04-03-2015,8922.65,9109.15,9119.2,8893.95,256060000
03-03-2015,8996.25,8962.85,9008.4,8925.55,183250000
02-03-2015,8956.75,8953.85,8972.35,8885.45,224770000
28-02-2015,8901.85,8913.05,8941.1,8751.35,246450000
27-02-2015,8844.6,8729.5,8856.95,8717.45,257230000
26-02-2015,8683.85,8779,8786.05,8669.45,224180000
25-02-2015,8767.25,8801.9,8840.65,8751.4,139410000
24-02-2015,8762.1,8772.9,8800.5,8726.75,154370000
23-02-2015,8754.95,8856.85,8869,8736.1,143930000
20-02-2015,8833.6,8895.5,8899.95,8816.3,203720000
19-02-2015,8895.3,8883.05,8913.45,8794.45,219870000
18-02-2015,8869.1,8811.55,8894.3,8808.9,152150000
16-02-2015,8809.35,8831.4,8870.1,8793.4,140640000
13-02-2015,8805.5,8741.5,8822.1,8729.65,228810000
12-02-2015,8711.55,8676.95,8732.55,8599.25,163680000
11-02-2015,8627.4,8603.3,8651.95,8593.65,166560000
10-02-2015,8565.55,8478.1,8646.25,8470.5,202300000
09-02-2015,8526.35,8584.4,8605.55,8516.35,151330000
06-02-2015,8661.05,8696.85,8726.2,8645.55,176550000
05-02-2015,8711.7,8733.1,8838.45,8683.65,179010000
04-02-2015,8723.7,8789.15,8792.85,8704.4,201250000
03-02-2015,8756.55,8823.15,8837.3,8726.65,208670000
02-02-2015,8797.4,8802.5,8840.8,8751.1,216560000
30-01-2015,8808.9,8996.6,8996.6,8775.1,275590000
29-01-2015,8952.35,8901.5,8966.65,8861.25,264250000
28-01-2015,8914.3,8902.75,8985.05,8874.05,190810000
27-01-2015,8910.5,8871.35,8925.05,8825.45,192010000
23-01-2015,8835.6,8827.95,8866.4,8795.4,197120000
22-01-2015,8761.4,8745.85,8774.15,8727,180910000
21-01-2015,8729.5,8719.65,8741.85,8689.6,191650000
20-01-2015,8695.6,8575.1,8707.9,8574.5,158710000
19-01-2015,8550.7,8550.05,8570.95,8531.5,129350000
16-01-2015,8513.8,8504.05,8530.75,8452.25,181370000
15-01-2015,8494.15,8424.5,8527.1,8380.55,232140000
14-01-2015,8277.55,8307.25,8326.45,8236.65,150620000
13-01-2015,8299.4,8346.15,8356.65,8267.9,129560000
12-01-2015,8323,8291.35,8332.6,8245.6,103150000
09-01-2015,8284.5,8285.45,8303.3,8190.8,152610000
08-01-2015,8234.6,8191.4,8243.5,8167.3,143800000
07-01-2015,8102.1,8118.65,8151.2,8065.45,164080000
06-01-2015,8127.35,8325.3,8327.85,8111.35,172800000
05-01-2015,8378.4,8407.95,8445.6,8363.9,118160000
02-01-2015,8395.45,8288.7,8410.6,8288.7,101890000
01-01-2015,8284,8272.8,8294.7,8248.75,56560000
31-12-2014,8282.7,8243.9,8291,8243.75,84530000
30-12-2014,8248.25,8260.3,8268.25,8220.55,77700000
29-12-2014,8246.3,8214.7,8279.15,8214.7,82090000
26-12-2014,8200.7,8204.8,8234.55,8147.95,75530000
24-12-2014,8174.1,8272.05,8286.4,8155.25,221910000
23-12-2014,8267,8324.6,8364.75,8252.85,132190000
22-12-2014,8324,8255,8330.95,8228.2,139160000
19-12-2014,8225.2,8230.45,8263.45,8208.6,174800000
18-12-2014,8159.3,8138.9,8174.3,8084.9,162110000
17-12-2014,8029.8,8041.2,8082,7961.35,216220000
16-12-2014,8067.6,8172.6,8189.35,8052.6,197340000
15-12-2014,8219.6,8160.75,8242.4,8152.5,137140000
12-12-2014,8224.1,8302,8321.9,8216.3,138080000
11-12-2014,8292.9,8338.85,8348.3,8272.4,133860000
10-12-2014,8355.65,8318.05,8376.8,8317,136660000
09-12-2014,8340.7,8439.3,8444.5,8330.5,146270000
08-12-2014,8438.25,8538.65,8546.35,8432.25,163820000
05-12-2014,8538.3,8584.25,8588.35,8523.9,143350000
04-12-2014,8564.4,8582.4,8626.95,8526.4,143480000
03-12-2014,8537.65,8528.7,8546.95,8508.35,153200000
02-12-2014,8524.7,8535.45,8560.2,8504.65,137390000
01-12-2014,8555.9,8605.1,8623,8545.15,151990000
28-11-2014,8588.25,8516.8,8617,8516.25,197220000
27-11-2014,8494.2,8477.8,8506.75,8456.35,194300000
26-11-2014,8475.75,8450.3,8500.3,8438.65,151920000
25-11-2014,8463.1,8530.8,8535.35,8429.45,271910000
24-11-2014,8530.15,8490.95,8534.65,8490.8,140660000
21-11-2014,8477.35,8408.2,8489.8,8398.6,137020000
20-11-2014,8401.9,8406.5,8410.85,8353.15,122780000
19-11-2014,8382.3,8440.65,8455.65,8360.5,125400000
18-11-2014,8425.9,8441.25,8454.5,8407.25,134680000
17-11-2014,8430.75,8378.4,8438.1,8349.1,113880000
14-11-2014,8389.9,8360.7,8400.65,8346.8,146770000
13-11-2014,8357.85,8405.25,8408,8320.35,127360000
12-11-2014,8383.3,8378.9,8415.05,8370.5,125240000
11-11-2014,8362.65,8354.1,8378.7,8321.85,122010000
10-11-2014,8344.25,8337.8,8383.05,8304.45,130750000
07-11-2014,8337,8331.85,8360.35,8290.25,153430000
05-11-2014,8338.3,8351.25,8365.55,8323.5,161620000
03-11-2014,8324.15,8348.15,8350.6,8297.65,141090000
31-10-2014,8322.2,8200.8,8330.75,8198.05,176160000
30-10-2014,8169.2,8085.2,8181.55,8085.2,205670000
29-10-2014,8090.45,8077.05,8097.95,8052.25,148310000
28-10-2014,8027.6,8002.4,8037.8,7995.05,124060000
27-10-2014,7991.7,8064.35,8064.4,7985.65,132830000
23-10-2014,8014.55,8027.7,8031.75,8008.85,19640000
22-10-2014,7995.9,7997.8,8005,7974.55,151100000
21-10-2014,7927.75,7906.15,7936.6,7874.35,163400000
20-10-2014,7879.4,7896.95,7905.95,7856.95,176170000
17-10-2014,7779.7,7733.75,7819.2,7723.85,177620000
16-10-2014,7748.2,7837.3,7893.9,7729.65,213530000
14-10-2014,7864,7923.25,7928,7825.45,225470000
13-10-2014,7884.25,7831,7901.15,7796,118780000
10-10-2014,7859.95,7911,7924.05,7848.45,142930000
09-10-2014,7960.55,7886.5,7972.35,7886.5,123770000
08-10-2014,7842.7,7828.75,7869.9,7815.75,135910000
07-10-2014,7852.4,7897.4,7943.05,7842.7,148200000
01-10-2014,7945.55,7960.5,7977.5,7936.7,113000000
30-09-2014,7964.8,7948.8,8030.9,7923.85,141140000
29-09-2014,7958.9,7978.45,7991.75,7934.7,97270000
26-09-2014,7968.85,7885.85,7993.3,7841.8,147840000
25-09-2014,7911.85,8003.3,8019.3,7877.35,231900000
24-09-2014,8002.4,8015.55,8042.05,7950.05,182210000
23-09-2014,8017.55,8144.4,8159.75,8008.1,140780000
22-09-2014,8146.3,8084.45,8159.9,8064.8,105510000
19-09-2014,8121.45,8129.4,8160.9,8105.35,161280000
18-09-2014,8114.75,7950.65,8120.85,7939.7,116930000
17-09-2014,7975.5,7971.5,7990.65,7936.95,123720000
16-09-2014,7932.9,8036.6,8044.9,7925.15,127950000
15-09-2014,8042,8070.35,8077.3,8030,96500000
12-09-2014,8105.5,8087.05,8114.3,8071.6,111440000
11-09-2014,8085.7,8115.15,8127.95,8057.3,122820000
10-09-2014,8094.1,8135.55,8135.75,8082.1,107060000
09-09-2014,8152.95,8161.9,8174.55,8126.5,104740000
08-09-2014,8173.9,8132.95,8180.2,8126.15,120690000
05-09-2014,8086.85,8099.9,8122.7,8049.85,125980000
04-09-2014,8095.95,8114.2,8114.8,8060.9,141280000
03-09-2014,8114.6,8110.85,8141.9,8092.25,150730000
02-09-2014,8083.05,8038.6,8101.95,8036.55,134900000
01-09-2014,8027.7,7990.35,8035,7984,139330000
28-08-2014,7954.35,7942.25,7967.8,7939.2,189700000
27-08-2014,7936.05,7933.9,7946.85,7916.55,119960000
26-08-2014,7904.75,7874.5,7915.45,7862.45,142830000
25-08-2014,7906.3,7931.75,7968.25,7897.95,118470000
22-08-2014,7913.2,7904.55,7929.05,7900.05,104080000
21-08-2014,7891.1,7875.35,7919.65,7855.95,115220000
20-08-2014,7875.3,7915.8,7922.7,7864.05,117320000
19-08-2014,7897.5,7901,7918.55,7881.15,140620000
18-08-2014,7874.25,7785.25,7880.5,7779.2,126740000
14-08-2014,7791.7,7756.15,7796.7,7739.1,127330000
13-08-2014,7739.55,7717.3,7757.1,7695.7,154080000
12-08-2014,7727.05,7688.8,7735.75,7654.8,120610000
11-08-2014,7625.95,7619.85,7635.55,7598.6,106970000
08-08-2014,7568.55,7588.7,7592.45,7540.1,118430000
07-08-2014,7649.25,7651.15,7708.95,7630.4,116790000
06-08-2014,7672.05,7726.15,7740.95,7658.95,116360000
05-08-2014,7746.55,7706.65,7752.45,7638.05,128240000
04-08-2014,7683.65,7639.55,7694.8,7622.05,137040000
01-08-2014,7602.6,7662.5,7716.7,7593.9,181070000
31-07-2014,7721.3,7784.65,7791.85,7711.15,208860000
30-07-2014,7791.4,7746.2,7798.7,7707.6,178110000
28-07-2014,7748.7,7792.9,7799.9,7722.65,116540000
25-07-2014,7790.45,7828.2,7840.95,7748.6,153940000
24-07-2014,7830.6,7796.25,7835.65,7771.65,117610000
23-07-2014,7795.75,7794.9,7809.2,7752.9,122120000
22-07-2014,7767.85,7708.2,7773.85,7704.8,120080000
21-07-2014,7684.2,7701.65,7722.1,7674,105400000
18-07-2014,7663.9,7630.25,7685,7595.5,134600000
17-07-2014,7640.45,7612.7,7655.65,7612.7,141610000
16-07-2014,7624.4,7564.15,7640.1,7532.45,167970000
15-07-2014,7526.65,7491.3,7534.9,7459.15,122070000
14-07-2014,7454.15,7469,7478.45,7422.15,135230000
11-07-2014,7459.6,7584.1,7625.85,7447.2,187590000
10-07-2014,7567.75,7589.5,7731.05,7479.05,258390000
09-07-2014,7585,7637.95,7650.1,7551.65,168350000
08-07-2014,7623.2,7804.05,7808.85,7595.9,180650000
07-07-2014,7787.15,7780.4,7792,7755.1,173930000
04-07-2014,7751.6,7718.1,7758,7661.3,113070000
03-07-2014,7714.8,7734.35,7754.65,7706.8,133760000
02-07-2014,7725.15,7683.05,7732.4,7677.3,136320000
01-07-2014,7634.7,7629,7649.5,7618.15,139430000
30-06-2014,7611.35,7534.05,7623.65,7531.6,152300000
27-06-2014,7508.8,7514.2,7538.75,7482.3,126670000
26-06-2014,7493.2,7554.1,7570.2,7481.3,171680000
25-06-2014,7569.25,7588.55,7589.25,7557.05,114970000
24-06-2014,7580.2,7515.2,7593.35,7515.2,137000000
23-06-2014,7493.35,7514,7534.8,7441.6,127410000
20-06-2014,7511.45,7543.3,7560.55,7497.3,124130000
19-06-2014,7540.7,7580.05,7606.45,7502.55,148850000
18-06-2014,7558.2,7636.05,7663,7515.5,165080000
17-06-2014,7631.7,7525.05,7637.6,7509.25,157960000
16-06-2014,7533.55,7534.8,7548.6,7487.55,155380000
13-06-2014,7542.1,7668.2,7678.5,7525.35,174520000
12-06-2014,7649.9,7641.3,7658,7593.8,148210000
11-06-2014,7626.85,7672.4,7700.05,7589.05,186180000
10-06-2014,7656.4,7679.05,7683.2,7579.3,188670000
09-06-2014,7654.6,7621.65,7673.7,7580.25,231880000
06-06-2014,7583.4,7521.5,7592.7,7497.65,248400000
05-06-2014,7474.1,7399.75,7484.7,7360.5,250660000
04-06-2014,7402.25,7417.55,7433.3,7391.35,204590000
03-06-2014,7415.85,7375.35,7424.95,7342.15,234680000
02-06-2014,7362.5,7264.05,7368.6,7239.5,169890000
30-05-2014,7229.95,7254.85,7272.5,7118.45,312150000
29-05-2014,7235.65,7316.6,7325.4,7224.4,241120000
28-05-2014,7329.65,7324.95,7344.75,7302.6,175600000
27-05-2014,7318,7363.1,7372.95,7274.75,168600000
26-05-2014,7359.05,7428.75,7504,7269.05,273200000
23-05-2014,7367.1,7306.5,7381,7293.9,259640000
22-05-2014,7276.4,7289.95,7319.55,7258.15,240940000
21-05-2014,7252.9,7274.85,7287.15,7206.7,203140000
20-05-2014,7275.5,7309.95,7353.65,7247.7,255330000
19-05-2014,7263.55,7276.85,7291.1,7193.55,316250000
16-05-2014,7203,7270.2,7563.5,7130.65,393160000
15-05-2014,7123.15,7111.3,7152.55,7082.55,186850000
14-05-2014,7108.75,7112,7142.25,7080.9,177200000
13-05-2014,7108.75,7080,7172.35,7067.15,232220000
12-05-2014,7014.25,6863.4,7020.05,6862.9,157720000
09-05-2014,6858.8,6654.15,6871.35,6652.15,166440000
08-05-2014,6659.85,6669.9,6688.4,6638.55,101550000
07-05-2014,6652.55,6708.6,6718.75,6642.9,114100000
06-05-2014,6715.3,6719.25,6743.45,6701.9,88290000
05-05-2014,6699.35,6681.65,6741.05,6680.45,104990000
02-05-2014,6694.8,6709.95,6737.65,6689.5,114280000
30-04-2014,6696.4,6724.95,6780.15,6656.8,161110000
29-04-2014,6715.25,6769,6779.7,6708.65,115510000
28-04-2014,6761.25,6778.55,6786.25,6750.3,118160000
25-04-2014,6782.75,6855.8,6869.85,6772.85,154320000
23-04-2014,6840.8,6823.25,6861.6,6820.75,182970000
22-04-2014,6815.35,6822.9,6838,6806.25,114690000
21-04-2014,6817.65,6789.25,6825.45,6786.9,111840000
17-04-2014,6779.4,6695.45,6783.05,6684.4,131490000
16-04-2014,6675.3,6727.25,6748.65,6665.15,119770000
15-04-2014,6733.1,6792.7,6813.4,6711.75,123200000
11-04-2014,6776.3,6758.35,6789.35,6743.15,140740000
10-04-2014,6796.4,6803.05,6819.05,6777.3,191130000
09-04-2014,6796.2,6722,6808.7,6705.1,169800000
07-04-2014,6695.05,6694.25,6725.15,6650.4,133950000
04-04-2014,6694.35,6741.85,6741.85,6685.15,155130000
03-04-2014,6736.1,6772.05,6776.75,6696.9,197550000
02-04-2014,6752.55,6757.6,6763.5,6723.6,173340000
01-04-2014,6721.05,6729.5,6732.25,6675.45,177840000
31-03-2014,6704.2,6723.15,6730.05,6662.4,220620000
28-03-2014,6695.9,6673.05,6702.6,6643.8,184820000
27-03-2014,6641.75,6613.1,6673.95,6599.5,312380000
26-03-2014,6601.4,6615.65,6627.45,6580.6,186570000
25-03-2014,6589.75,6550.1,6595.55,6544.85,168120000
24-03-2014,6583.5,6510.5,6591.5,6510.5,158400000
22-03-2014,6494.9,6497.8,6502.65,6481.35,9770000
21-03-2014,6493.2,6515.2,6522.9,6485.7,189850000
20-03-2014,6483.1,6508.35,6523.65,6473.25,141980000
19-03-2014,6524.05,6530,6541.2,6506,172460000
18-03-2014,6516.65,6532.45,6574.95,6497.65,179310000
14-03-2014,6504.2,6447.25,6518.45,6432.7,177340000
13-03-2014,6493.1,6491.75,6561.45,6476.65,167860000
12-03-2014,6516.9,6497.5,6546.15,6487.3,174980000
11-03-2014,6511.9,6537.35,6562.85,6494.25,239000000
10-03-2014,6537.25,6491.7,6562.2,6487.35,242140000
07-03-2014,6526.65,6413.95,6537.8,6413.55,284920000
06-03-2014,6401.15,6344.75,6406.6,6339.7,180730000
05-03-2014,6328.65,6328.45,6336.25,6287.8,160300000
04-03-2014,6297.95,6216.75,6302.15,6215.7,166820000
03-03-2014,6221.45,6264.35,6277.75,6212.25,144560000
28-02-2014,6276.95,6228.45,6282.7,6228.1,180600000
26-02-2014,6238.8,6202.45,6245.95,6202.1,181660000
25-02-2014,6200.05,6205.7,6216.85,6176.6,146260000
24-02-2014,6186.1,6140.95,6191.85,6130.8,144880000
21-02-2014,6155.45,6108.3,6159.65,6108,112600000
20-02-2014,6091.45,6127.15,6129.1,6086.45,132110000
19-02-2014,6152.75,6132.05,6160.35,6125.75,95250000
18-02-2014,6127.1,6071.3,6141.7,6066.8,126640000
17-02-2014,6073.3,6057.1,6080.65,6038.3,108490000
14-02-2014,6048.35,6023.75,6056.4,5984.6,140200000
13-02-2014,6001.1,6087.55,6094.4,5991.1,153650000
12-02-2014,6084,6085.35,6106.6,6077.4,138550000
11-02-2014,6062.7,6072.45,6081.85,6053.25,150520000
10-02-2014,6053.45,6072.8,6083.05,6046.4,133070000
07-02-2014,6063.2,6077.65,6079.95,6030.9,181930000
06-02-2014,6036.3,6028.35,6048.35,5965.4,185500000
05-02-2014,6022.4,6004.25,6028.05,5962.05,166630000
04-02-2014,6000.9,5947.6,6017.8,5933.3,183250000
03-02-2014,6001.8,6058.8,6074.85,5994.45,134890000
31-01-2014,6089.5,6082.75,6097.85,6067.35,146710000
30-01-2014,6073.7,6067,6082.85,6027.25,208060000
29-01-2014,6120.25,6161,6170.45,6109.8,146730000
28-01-2014,6126.25,6131.85,6163.6,6085.95,184110000
27-01-2014,6135.85,6186.3,6188.55,6130.25,190440000
24-01-2014,6266.75,6301.65,6331.45,6263.9,160270000
23-01-2014,6345.65,6325.95,6355.6,6316.4,120060000
22-01-2014,6338.95,6309.05,6349.95,6287.45,137490000
21-01-2014,6313.8,6320.15,6330.3,6297.9,141730000
20-01-2014,6303.95,6261.75,6307.45,6243.35,122140000
17-01-2014,6261.65,6306.25,6327.1,6246.35,167720000
16-01-2014,6318.9,6341.35,6346.5,6299.85,153420000
15-01-2014,6320.9,6265.95,6325.2,6265.3,145920000
14-01-2014,6241.85,6260.25,6280.35,6234.15,110230000
13-01-2014,6272.75,6189.55,6288.2,6189.55,135010000
10-01-2014,6171.45,6178.85,6239.1,6139.6,159920000
09-01-2014,6168.35,6181.7,6188.05,6148.25,150060000
08-01-2014,6174.6,6178.05,6192.1,6160.35,146910000
07-01-2014,6162.25,6203.9,6221.5,6144.75,138560000
06-01-2014,6191.45,6220.85,6224.7,6170.25,118350000
03-01-2014,6211.15,6194.55,6221.7,6171.25,139040000
02-01-2014,6221.15,6301.25,6358.3,6211.3,158130000
01-01-2014,6301.65,6323.8,6327.2,6298.25,69570000
